Series Description,3-month
31/7/2001,3.54
1/8/2001,3.53
2/8/2001,3.53
3/8/2001,3.52
6/8/2001,3.52
7/8/2001,3.52
8/8/2001,3.49
9/8/2001,3.45
10/8/2001,3.43
13/8/2001,3.45
14/8/2001,3.43
15/8/2001,3.43
16/8/2001,3.39
17/8/2001,3.36
20/8/2001,3.42
21/8/2001,3.39
22/8/2001,3.38
23/8/2001,3.40
24/8/2001,3.42
27/8/2001,3.45
28/8/2001,3.41
29/8/2001,3.42
30/8/2001,3.36
31/8/2001,3.37
4/9/2001,3.44
5/9/2001,3.41
6/9/2001,3.34
7/9/2001,3.27
10/9/2001,3.26
13/9/2001,2.74
14/9/2001,2.64
17/9/2001,2.59
18/9/2001,2.48
19/9/2001,2.19
20/9/2001,2.22
21/9/2001,2.25
24/9/2001,2.38
25/9/2001,2.40
26/9/2001,2.38
27/9/2001,2.38
28/9/2001,2.40
1/10/2001,2.37
2/10/2001,2.26
3/10/2001,2.23
4/10/2001,2.21
5/10/2001,2.19
9/10/2001,2.22
10/10/2001,2.22
11/10/2001,2.27
12/10/2001,2.25
15/10/2001,2.25
16/10/2001,2.22
17/10/2001,2.22
18/10/2001,2.19
19/10/2001,2.19
22/10/2001,2.22
23/10/2001,2.20
24/10/2001,2.17
25/10/2001,2.14
26/10/2001,2.14
29/10/2001,02.09
30/10/2001,02.05
31/10/2001,02.05
1/11/2001,02.06
2/11/2001,02.01
5/11/2001,02.01
6/11/2001,1.85
7/11/2001,1.80
8/11/2001,1.84
9/11/2001,1.83
13/11/2001,1.84
14/11/2001,1.87
15/11/2001,1.92
16/11/2001,1.95
19/11/2001,1.94
20/11/2001,1.95
21/11/2001,1.96
23/11/2001,1.95
26/11/2001,1.98
27/11/2001,1.92
28/11/2001,1.87
29/11/2001,1.80
30/11/2001,1.78
3/12/2001,1.78
4/12/2001,1.74
5/12/2001,1.77
6/12/2001,1.75
7/12/2001,1.69
10/12/2001,1.71
11/12/2001,1.66
12/12/2001,1.67
13/12/2001,1.69
14/12/2001,1.73
17/12/2001,1.74
18/12/2001,1.71
19/12/2001,1.69
20/12/2001,1.69
21/12/2001,1.71
24/12/2001,1.72
26/12/2001,1.75
27/12/2001,1.74
28/12/2001,1.72
31/12/2001,1.74
2/1/2002,1.74
3/1/2002,1.73
4/1/2002,1.72
7/1/2002,1.68
8/1/2002,1.68
9/1/2002,1.68
10/1/2002,1.68
11/1/2002,1.58
14/1/2002,1.58
15/1/2002,1.60
16/1/2002,1.61
17/1/2002,1.64
18/1/2002,1.62
22/1/2002,1.70
23/1/2002,1.71
24/1/2002,1.72
25/1/2002,1.72
28/1/2002,1.76
29/1/2002,1.72
30/1/2002,1.75
31/1/2002,1.76
1/2/2002,1.76
4/2/2002,1.77
5/2/2002,1.76
6/2/2002,1.74
7/2/2002,1.73
8/2/2002,1.73
11/2/2002,1.75
12/2/2002,1.75
13/2/2002,1.76
14/2/2002,1.75
15/2/2002,1.74
19/2/2002,1.76
20/2/2002,1.76
21/2/2002,1.76
22/2/2002,1.76
25/2/2002,1.77
26/2/2002,1.77
27/2/2002,1.77
28/2/2002,1.79
1/3/2002,1.77
4/3/2002,1.81
5/3/2002,1.80
6/3/2002,1.78
7/3/2002,1.78
8/3/2002,1.81
11/3/2002,1.86
12/3/2002,1.84
13/3/2002,1.82
14/3/2002,1.86
15/3/2002,1.86
18/3/2002,1.88
19/3/2002,1.85
20/3/2002,1.84
21/3/2002,1.84
22/3/2002,1.84
25/3/2002,1.85
26/3/2002,1.81
27/3/2002,1.81
28/3/2002,1.79
1/4/2002,1.79
2/4/2002,1.80
3/4/2002,1.79
4/4/2002,1.78
5/4/2002,1.76
8/4/2002,1.75
9/4/2002,1.73
10/4/2002,1.71
11/4/2002,1.72
12/4/2002,1.71
15/4/2002,1.72
16/4/2002,1.74
17/4/2002,1.73
18/4/2002,1.72
19/4/2002,1.73
22/4/2002,1.72
23/4/2002,1.73
24/4/2002,1.72
25/4/2002,1.74
26/4/2002,1.75
29/4/2002,1.78
30/4/2002,1.77
1/5/2002,1.77
2/5/2002,1.77
3/5/2002,1.76
6/5/2002,1.78
7/5/2002,1.76
8/5/2002,1.76
9/5/2002,1.77
10/5/2002,1.77
13/5/2002,1.79
14/5/2002,1.78
15/5/2002,1.76
16/5/2002,1.75
17/5/2002,1.76
20/5/2002,1.77
21/5/2002,1.75
22/5/2002,1.74
23/5/2002,1.74
24/5/2002,1.74
28/5/2002,1.77
29/5/2002,1.75
30/5/2002,1.75
31/5/2002,1.74
3/6/2002,1.77
4/6/2002,1.76
5/6/2002,1.75
6/6/2002,1.74
7/6/2002,1.74
10/6/2002,1.76
11/6/2002,1.75
12/6/2002,1.74
13/6/2002,1.72
14/6/2002,1.71
17/6/2002,1.74
18/6/2002,1.73
19/6/2002,1.71
20/6/2002,1.73
21/6/2002,1.72
24/6/2002,1.74
25/6/2002,1.73
26/6/2002,1.70
27/6/2002,1.70
28/6/2002,1.70
1/7/2002,1.72
2/7/2002,1.72
3/7/2002,1.72
5/7/2002,1.72
8/7/2002,1.73
9/7/2002,1.72
10/7/2002,1.72
11/7/2002,1.72
12/7/2002,1.71
15/7/2002,1.72
16/7/2002,1.72
17/7/2002,1.72
18/7/2002,1.72
19/7/2002,1.71
22/7/2002,1.70
23/7/2002,1.70
24/7/2002,1.69
25/7/2002,1.70
26/7/2002,1.69
29/7/2002,1.72
30/7/2002,1.72
31/7/2002,1.71
1/8/2002,1.68
2/8/2002,1.63
5/8/2002,1.64
6/8/2002,1.65
7/8/2002,1.59
8/8/2002,1.62
9/8/2002,1.62
12/8/2002,1.68
13/8/2002,1.63
14/8/2002,1.64
15/8/2002,1.62
16/8/2002,1.62
19/8/2002,1.67
20/8/2002,1.62
21/8/2002,1.63
22/8/2002,1.65
23/8/2002,1.65
26/8/2002,1.68
27/8/2002,1.68
28/8/2002,1.67
29/8/2002,1.68
30/8/2002,1.69
3/9/2002,1.64
4/9/2002,1.63
5/9/2002,1.61
6/9/2002,1.66
9/9/2002,1.69
10/9/2002,1.68
11/9/2002,1.69
12/9/2002,1.69
13/9/2002,1.69
16/9/2002,1.71
17/9/2002,1.70
18/9/2002,1.68
19/9/2002,1.65
20/9/2002,1.65
23/9/2002,1.65
24/9/2002,1.65
25/9/2002,1.66
26/9/2002,1.65
27/9/2002,1.63
30/9/2002,1.57
1/10/2002,1.59
2/10/2002,1.58
3/10/2002,1.57
4/10/2002,1.61
7/10/2002,1.63
8/10/2002,1.61
9/10/2002,1.57
10/10/2002,1.58
11/10/2002,1.58
15/10/2002,1.68
16/10/2002,1.66
17/10/2002,1.67
18/10/2002,1.67
21/10/2002,1.71
22/10/2002,1.69
23/10/2002,1.68
24/10/2002,1.65
25/10/2002,1.64
28/10/2002,1.59
29/10/2002,1.51
30/10/2002,1.51
31/10/2002,1.44
1/11/2002,1.43
4/11/2002,1.43
5/11/2002,1.42
6/11/2002,1.23
7/11/2002,1.22
8/11/2002,1.22
12/11/2002,1.22
13/11/2002,1.21
14/11/2002,1.22
15/11/2002,1.22
18/11/2002,1.23
19/11/2002,1.21
20/11/2002,1.22
21/11/2002,1.22
22/11/2002,1.23
25/11/2002,1.24
26/11/2002,1.22
27/11/2002,1.23
29/11/2002,1.22
2/12/2002,1.24
3/12/2002,1.23
4/12/2002,1.22
5/12/2002,1.22
6/12/2002,1.21
9/12/2002,1.23
10/12/2002,1.21
11/12/2002,1.21
12/12/2002,1.21
13/12/2002,1.21
16/12/2002,1.23
17/12/2002,1.22
18/12/2002,1.21
19/12/2002,1.21
20/12/2002,1.21
23/12/2002,1.19
24/12/2002,1.19
26/12/2002,1.18
27/12/2002,1.16
30/12/2002,1.22
31/12/2002,1.22
2/1/2003,1.22
3/1/2003,1.22
6/1/2003,1.21
7/1/2003,1.19
8/1/2003,1.19
9/1/2003,1.20
10/1/2003,1.20
13/1/2003,1.21
14/1/2003,1.19
15/1/2003,1.20
16/1/2003,1.18
17/1/2003,1.18
21/1/2003,1.19
22/1/2003,1.17
23/1/2003,1.17
24/1/2003,1.16
27/1/2003,1.17
28/1/2003,1.18
29/1/2003,1.18
30/1/2003,1.18
31/1/2003,1.18
3/2/2003,1.18
4/2/2003,1.16
5/2/2003,1.18
6/2/2003,1.17
7/2/2003,1.17
10/2/2003,1.17
11/2/2003,1.18
12/2/2003,1.18
13/2/2003,1.17
14/2/2003,1.18
18/2/2003,1.19
19/2/2003,1.18
20/2/2003,1.19
21/2/2003,1.19
24/2/2003,1.21
25/2/2003,1.20
26/2/2003,1.21
27/2/2003,1.21
28/2/2003,1.20
3/3/2003,1.20
4/3/2003,1.19
5/3/2003,1.18
6/3/2003,1.18
7/3/2003,1.12
10/3/2003,01.08
11/3/2003,1.10
12/3/2003,1.10
13/3/2003,1.12
14/3/2003,1.13
17/3/2003,1.15
18/3/2003,1.14
19/3/2003,1.16
20/3/2003,1.17
21/3/2003,1.18
24/3/2003,1.17
25/3/2003,1.18
26/3/2003,1.18
27/3/2003,1.16
28/3/2003,1.14
31/3/2003,1.14
1/4/2003,1.12
2/4/2003,1.13
3/4/2003,1.11
4/4/2003,1.11
7/4/2003,1.17
8/4/2003,1.15
9/4/2003,1.13
10/4/2003,1.14
11/4/2003,1.17
14/4/2003,1.20
15/4/2003,1.18
16/4/2003,1.17
17/4/2003,1.18
21/4/2003,1.18
22/4/2003,1.18
23/4/2003,1.17
24/4/2003,1.15
25/4/2003,1.14
28/4/2003,1.14
29/4/2003,1.15
30/4/2003,1.13
1/5/2003,1.10
2/5/2003,1.12
5/5/2003,1.13
6/5/2003,1.10
7/5/2003,1.11
8/5/2003,01.09
9/5/2003,1.11
12/5/2003,1.10
13/5/2003,01.09
14/5/2003,01.06
15/5/2003,01.06
16/5/2003,01.05
19/5/2003,01.05
20/5/2003,01.04
21/5/2003,01.06
22/5/2003,01.08
23/5/2003,01.08
27/5/2003,01.09
28/5/2003,1.12
29/5/2003,1.10
30/5/2003,1.11
2/6/2003,1.14
3/6/2003,01.08
4/6/2003,01.05
5/6/2003,01.04
6/6/2003,01.05
9/6/2003,01.03
10/6/2003,0.97
11/6/2003,0.94
12/6/2003,0.92
13/6/2003,0.86
16/6/2003,0.87
17/6/2003,0.90
18/6/2003,0.89
19/6/2003,0.81
20/6/2003,0.83
23/6/2003,0.85
24/6/2003,0.83
25/6/2003,0.92
26/6/2003,0.91
27/6/2003,0.87
30/6/2003,0.90
1/7/2003,0.89
2/7/2003,0.87
3/7/2003,0.87
7/7/2003,0.92
8/7/2003,0.92
9/7/2003,0.90
10/7/2003,0.89
11/7/2003,0.89
14/7/2003,0.91
15/7/2003,0.92
16/7/2003,0.91
17/7/2003,0.90
18/7/2003,0.91
21/7/2003,0.93
22/7/2003,0.93
23/7/2003,0.93
24/7/2003,0.93
25/7/2003,0.93
28/7/2003,0.97
29/7/2003,0.99
30/7/2003,0.98
31/7/2003,0.96
1/8/2003,0.95
4/8/2003,0.97
5/8/2003,0.96
6/8/2003,0.95
7/8/2003,0.95
8/8/2003,0.96
11/8/2003,0.96
12/8/2003,0.95
13/8/2003,0.96
14/8/2003,0.96
15/8/2003,0.95
18/8/2003,0.96
19/8/2003,0.96
20/8/2003,0.96
21/8/2003,0.97
22/8/2003,0.98
25/8/2003,01.02
26/8/2003,01.01
27/8/2003,1.00
28/8/2003,0.99
29/8/2003,0.98
2/9/2003,0.98
3/9/2003,0.97
4/9/2003,0.97
5/9/2003,0.96
8/9/2003,0.97
9/9/2003,0.96
10/9/2003,0.96
11/9/2003,0.96
12/9/2003,0.96
15/9/2003,0.96
16/9/2003,0.93
17/9/2003,0.95
18/9/2003,0.96
19/9/2003,0.95
22/9/2003,0.95
23/9/2003,0.93
24/9/2003,0.95
25/9/2003,0.94
26/9/2003,0.94
29/9/2003,0.96
30/9/2003,0.95
1/10/2003,0.95
2/10/2003,0.94
3/10/2003,0.94
6/10/2003,0.94
7/10/2003,0.92
8/10/2003,0.91
9/10/2003,0.91
10/10/2003,0.92
14/10/2003,0.93
15/10/2003,0.93
16/10/2003,0.93
17/10/2003,0.93
20/10/2003,0.95
21/10/2003,0.93
22/10/2003,0.96
23/10/2003,0.96
24/10/2003,0.95
27/10/2003,0.98
28/10/2003,0.96
29/10/2003,0.96
30/10/2003,0.96
31/10/2003,0.96
3/11/2003,0.96
4/11/2003,0.95
5/11/2003,0.96
6/11/2003,0.96
7/11/2003,0.96
10/11/2003,0.97
12/11/2003,0.95
13/11/2003,0.94
14/11/2003,0.95
17/11/2003,0.96
18/11/2003,0.96
19/11/2003,0.95
20/11/2003,0.95
21/11/2003,0.94
24/11/2003,0.96
25/11/2003,0.95
26/11/2003,0.94
28/11/2003,0.93
1/12/2003,0.95
2/12/2003,0.94
3/12/2003,0.94
4/12/2003,0.93
5/12/2003,0.92
8/12/2003,0.93
9/12/2003,0.93
10/12/2003,0.93
11/12/2003,0.90
12/12/2003,0.91
15/12/2003,0.90
16/12/2003,0.91
17/12/2003,0.90
18/12/2003,0.89
19/12/2003,0.88
22/12/2003,0.90
23/12/2003,0.90
24/12/2003,0.90
26/12/2003,0.87
29/12/2003,0.90
30/12/2003,0.94
31/12/2003,0.95
2/1/2004,0.93
5/1/2004,0.91
6/1/2004,0.91
7/1/2004,0.91
8/1/2004,0.88
9/1/2004,0.87
12/1/2004,0.89
13/1/2004,0.89
14/1/2004,0.88
15/1/2004,0.88
16/1/2004,0.89
20/1/2004,0.89
21/1/2004,0.89
22/1/2004,0.88
23/1/2004,0.90
26/1/2004,0.90
27/1/2004,0.91
28/1/2004,0.94
29/1/2004,0.94
30/1/2004,0.92
2/2/2004,0.94
3/2/2004,0.94
4/2/2004,0.94
5/2/2004,0.94
6/2/2004,0.93
9/2/2004,0.94
10/2/2004,0.95
11/2/2004,0.93
12/2/2004,0.93
13/2/2004,0.92
17/2/2004,0.95
18/2/2004,0.94
19/2/2004,0.94
20/2/2004,0.94
23/2/2004,0.97
24/2/2004,0.97
25/2/2004,0.96
26/2/2004,0.96
27/2/2004,0.96
1/3/2004,0.97
2/3/2004,0.97
3/3/2004,0.97
4/3/2004,0.96
5/3/2004,0.94
8/3/2004,0.96
9/3/2004,0.96
10/3/2004,0.96
11/3/2004,0.97
12/3/2004,0.96
15/3/2004,0.96
16/3/2004,0.96
17/3/2004,0.93
18/3/2004,0.93
19/3/2004,0.94
22/3/2004,0.95
23/3/2004,0.95
24/3/2004,0.93
25/3/2004,0.94
26/3/2004,0.95
29/3/2004,0.96
30/3/2004,0.96
31/3/2004,0.95
1/4/2004,0.93
2/4/2004,0.95
5/4/2004,0.94
6/4/2004,0.94
7/4/2004,0.95
8/4/2004,0.93
12/4/2004,0.94
13/4/2004,0.94
14/4/2004,0.95
15/4/2004,0.95
16/4/2004,0.94
19/4/2004,0.96
20/4/2004,0.97
21/4/2004,0.99
22/4/2004,0.97
23/4/2004,0.98
26/4/2004,0.99
27/4/2004,0.98
28/4/2004,0.97
29/4/2004,0.97
30/4/2004,0.98
3/5/2004,1.00
4/5/2004,1.00
5/5/2004,0.99
6/5/2004,1.00
7/5/2004,01.07
10/5/2004,01.08
11/5/2004,01.05
12/5/2004,01.04
13/5/2004,1.00
14/5/2004,0.99
17/5/2004,01.06
18/5/2004,01.05
19/5/2004,01.04
20/5/2004,01.03
21/5/2004,01.03
24/5/2004,01.07
25/5/2004,01.07
26/5/2004,01.08
27/5/2004,01.06
28/5/2004,01.08
1/6/2004,1.17
2/6/2004,1.17
3/6/2004,1.17
4/6/2004,1.21
7/6/2004,1.24
8/6/2004,1.27
9/6/2004,1.27
10/6/2004,1.30
14/6/2004,1.41
15/6/2004,1.34
16/6/2004,1.30
17/6/2004,1.28
18/6/2004,1.29
21/6/2004,1.33
22/6/2004,1.32
23/6/2004,1.29
24/6/2004,1.29
25/6/2004,1.31
28/6/2004,1.38
29/6/2004,1.38
30/6/2004,1.33
1/7/2004,1.22
2/7/2004,1.30
6/7/2004,1.34
7/7/2004,1.30
8/7/2004,1.27
9/7/2004,1.28
12/7/2004,1.34
13/7/2004,1.34
14/7/2004,1.34
15/7/2004,1.35
16/7/2004,1.35
19/7/2004,1.35
20/7/2004,1.36
21/7/2004,1.35
22/7/2004,1.37
23/7/2004,1.38
26/7/2004,1.45
27/7/2004,1.46
28/7/2004,1.46
29/7/2004,1.45
30/7/2004,1.45
2/8/2004,1.50
3/8/2004,1.48
4/8/2004,1.49
5/8/2004,1.48
6/8/2004,1.44
9/8/2004,1.51
10/8/2004,1.50
11/8/2004,1.44
12/8/2004,1.43
13/8/2004,1.44
16/8/2004,1.49
17/8/2004,1.48
18/8/2004,1.49
19/8/2004,1.48
20/8/2004,1.49
23/8/2004,1.54
24/8/2004,1.54
25/8/2004,1.54
26/8/2004,1.55
27/8/2004,1.56
30/8/2004,1.61
31/8/2004,1.59
1/9/2004,1.58
2/9/2004,1.60
3/9/2004,1.65
7/9/2004,1.66
8/9/2004,1.65
9/9/2004,1.64
10/9/2004,1.66
13/9/2004,1.66
14/9/2004,1.66
15/9/2004,1.67
16/9/2004,1.67
17/9/2004,1.71
20/9/2004,1.73
21/9/2004,1.72
22/9/2004,1.71
23/9/2004,1.72
24/9/2004,1.73
27/9/2004,1.74
28/9/2004,1.72
29/9/2004,1.72
30/9/2004,1.71
1/10/2004,1.71
4/10/2004,1.71
5/10/2004,1.71
6/10/2004,1.71
7/10/2004,1.70
8/10/2004,1.71
12/10/2004,1.72
13/10/2004,1.72
14/10/2004,1.74
15/10/2004,1.76
18/10/2004,1.81
19/10/2004,1.82
20/10/2004,1.82
21/10/2004,1.85
22/10/2004,1.85
25/10/2004,1.90
26/10/2004,1.91
27/10/2004,1.92
28/10/2004,1.91
29/10/2004,1.91
1/11/2004,1.99
2/11/2004,1.97
3/11/2004,1.96
4/11/2004,1.98
5/11/2004,02.03
8/11/2004,02.07
9/11/2004,02.08
10/11/2004,02.08
12/11/2004,02.08
15/11/2004,2.12
16/11/2004,2.14
17/11/2004,2.13
18/11/2004,2.13
19/11/2004,2.15
22/11/2004,2.20
23/11/2004,2.19
24/11/2004,2.18
26/11/2004,2.21
29/11/2004,2.23
30/11/2004,2.23
1/12/2004,2.22
2/12/2004,2.22
3/12/2004,2.21
6/12/2004,2.25
7/12/2004,2.25
8/12/2004,2.24
9/12/2004,2.24
10/12/2004,2.25
13/12/2004,2.24
14/12/2004,2.21
15/12/2004,2.21
16/12/2004,2.20
17/12/2004,2.20
20/12/2004,2.22
21/12/2004,2.20
22/12/2004,2.18
23/12/2004,2.19
27/12/2004,2.26
28/12/2004,2.25
29/12/2004,2.22
30/12/2004,2.22
31/12/2004,2.22
3/1/2005,2.32
4/1/2005,2.33
5/1/2005,2.33
6/1/2005,2.31
7/1/2005,2.32
10/1/2005,2.36
11/1/2005,2.34
12/1/2005,2.34
13/1/2005,2.35
14/1/2005,2.37
18/1/2005,2.39
19/1/2005,2.37
20/1/2005,2.35
21/1/2005,2.36
24/1/2005,2.37
25/1/2005,2.39
26/1/2005,2.41
27/1/2005,2.44
28/1/2005,2.46
31/1/2005,2.51
1/2/2005,2.51
2/2/2005,2.51
3/2/2005,2.48
4/2/2005,2.47
7/2/2005,2.51
8/2/2005,2.49
9/2/2005,2.51
10/2/2005,2.51
11/2/2005,2.55
14/2/2005,2.59
15/2/2005,2.59
16/2/2005,2.57
17/2/2005,2.58
18/2/2005,2.61
22/2/2005,2.67
23/2/2005,2.67
24/2/2005,2.69
25/2/2005,2.74
28/2/2005,2.76
1/3/2005,2.75
2/3/2005,2.74
3/3/2005,2.76
4/3/2005,2.76
7/3/2005,2.76
8/3/2005,2.75
9/3/2005,2.76
10/3/2005,2.75
11/3/2005,2.76
14/3/2005,2.80
15/3/2005,2.81
16/3/2005,2.80
17/3/2005,2.79
18/3/2005,2.81
21/3/2005,2.85
22/3/2005,2.89
23/3/2005,2.83
24/3/2005,2.84
28/3/2005,2.84
29/3/2005,2.84
30/3/2005,2.83
31/3/2005,2.79
1/4/2005,2.80
4/4/2005,2.80
5/4/2005,2.79
6/4/2005,2.76
7/4/2005,2.77
8/4/2005,2.79
11/4/2005,2.76
12/4/2005,2.76
13/4/2005,2.77
14/4/2005,2.78
15/4/2005,2.79
18/4/2005,2.90
19/4/2005,2.91
20/4/2005,2.87
21/4/2005,2.88
22/4/2005,2.93
25/4/2005,2.93
26/4/2005,2.91
27/4/2005,2.89
28/4/2005,2.88
29/4/2005,2.90
2/5/2005,2.93
3/5/2005,2.91
4/5/2005,2.87
5/5/2005,2.81
6/5/2005,2.87
9/5/2005,2.91
10/5/2005,2.90
11/5/2005,2.87
12/5/2005,2.88
13/5/2005,2.83
16/5/2005,2.89
17/5/2005,2.88
18/5/2005,2.86
19/5/2005,2.87
20/5/2005,2.90
23/5/2005,2.97
24/5/2005,2.94
25/5/2005,2.95
26/5/2005,2.94
27/5/2005,2.97
31/5/2005,2.99
1/6/2005,2.97
2/6/2005,2.97
3/6/2005,03.01
6/6/2005,03.02
7/6/2005,03.02
8/6/2005,03.02
9/6/2005,2.99
10/6/2005,03.01
13/6/2005,03.03
14/6/2005,03.01
15/6/2005,3.00
16/6/2005,2.98
17/6/2005,2.99
20/6/2005,03.02
21/6/2005,03.02
22/6/2005,03.03
23/6/2005,03.07
24/6/2005,03.09
27/6/2005,3.15
28/6/2005,3.14
29/6/2005,3.13
30/6/2005,3.13
1/7/2005,3.17
5/7/2005,3.22
6/7/2005,3.19
7/7/2005,3.15
8/7/2005,3.17
11/7/2005,3.19
12/7/2005,3.21
13/7/2005,3.22
14/7/2005,3.23
15/7/2005,3.26
18/7/2005,3.30
19/7/2005,3.31
20/7/2005,3.30
21/7/2005,3.35
22/7/2005,3.38
25/7/2005,3.44
26/7/2005,3.43
27/7/2005,3.40
28/7/2005,3.41
29/7/2005,3.42
1/8/2005,3.48
2/8/2005,3.49
3/8/2005,3.46
4/8/2005,3.47
5/8/2005,3.52
8/8/2005,3.54
9/8/2005,3.52
10/8/2005,3.51
11/8/2005,3.51
12/8/2005,3.52
15/8/2005,3.54
16/8/2005,3.54
17/8/2005,3.52
18/8/2005,3.50
19/8/2005,3.52
22/8/2005,3.53
23/8/2005,3.53
24/8/2005,3.53
25/8/2005,3.54
26/8/2005,3.55
29/8/2005,3.54
30/8/2005,3.54
31/8/2005,3.52
1/9/2005,3.48
2/9/2005,3.46
6/9/2005,3.52
7/9/2005,3.49
8/9/2005,3.48
9/9/2005,3.49
12/9/2005,3.51
13/9/2005,3.47
14/9/2005,3.42
15/9/2005,3.45
16/9/2005,3.50
19/9/2005,3.58
20/9/2005,3.61
21/9/2005,3.41
22/9/2005,3.47
23/9/2005,3.48
26/9/2005,3.52
27/9/2005,3.49
28/9/2005,3.46
29/9/2005,3.54
30/9/2005,3.55
3/10/2005,3.61
4/10/2005,3.63
5/10/2005,3.58
6/10/2005,3.61
7/10/2005,3.63
11/10/2005,3.73
12/10/2005,3.70
13/10/2005,3.75
14/10/2005,3.78
17/10/2005,3.86
18/10/2005,3.85
19/10/2005,3.86
20/10/2005,3.85
21/10/2005,3.87
24/10/2005,3.92
25/10/2005,3.93
26/10/2005,3.90
27/10/2005,3.88
28/10/2005,3.93
31/10/2005,3.98
1/11/2005,3.96
2/11/2005,3.94
3/11/2005,3.94
4/11/2005,3.98
7/11/2005,3.96
8/11/2005,3.96
9/11/2005,3.99
10/11/2005,3.97
14/11/2005,04.02
15/11/2005,04.01
16/11/2005,4.00
17/11/2005,04.01
18/11/2005,04.01
21/11/2005,4.00
22/11/2005,3.93
23/11/2005,3.95
25/11/2005,3.95
28/11/2005,3.98
29/11/2005,3.98
30/11/2005,3.95
1/12/2005,3.97
2/12/2005,3.99
5/12/2005,04.04
6/12/2005,04.04
7/12/2005,04.03
8/12/2005,3.94
9/12/2005,3.94
12/12/2005,3.90
13/12/2005,3.91
14/12/2005,3.89
15/12/2005,3.93
16/12/2005,3.93
19/12/2005,3.96
20/12/2005,3.95
21/12/2005,3.98
22/12/2005,3.98
23/12/2005,3.99
27/12/2005,3.98
28/12/2005,3.95
29/12/2005,04.01
30/12/2005,04.08
3/1/2006,4.16
4/1/2006,4.19
5/1/2006,4.20
6/1/2006,4.22
9/1/2006,4.23
10/1/2006,4.29
11/1/2006,4.30
12/1/2006,4.32
13/1/2006,4.33
17/1/2006,4.38
18/1/2006,4.35
19/1/2006,4.35
20/1/2006,4.35
23/1/2006,4.38
24/1/2006,4.40
25/1/2006,4.42
26/1/2006,4.45
27/1/2006,4.45
30/1/2006,4.48
31/1/2006,4.47
1/2/2006,4.47
2/2/2006,4.48
3/2/2006,4.48
6/2/2006,4.48
7/2/2006,4.49
8/2/2006,4.50
9/2/2006,4.52
10/2/2006,4.53
13/2/2006,4.55
14/2/2006,4.55
15/2/2006,4.55
16/2/2006,4.55
17/2/2006,4.54
21/2/2006,4.56
22/2/2006,4.57
23/2/2006,4.59
24/2/2006,4.60
27/2/2006,4.62
28/2/2006,4.62
1/3/2006,4.60
2/3/2006,4.62
3/3/2006,4.62
6/3/2006,4.60
7/3/2006,4.60
8/3/2006,4.58
9/3/2006,4.60
10/3/2006,4.62
13/3/2006,4.61
14/3/2006,4.59
15/3/2006,4.63
16/3/2006,4.62
17/3/2006,4.64
20/3/2006,4.66
21/3/2006,4.69
22/3/2006,4.69
23/3/2006,4.67
24/3/2006,4.65
27/3/2006,4.63
28/3/2006,4.65
29/3/2006,4.63
30/3/2006,4.61
31/3/2006,4.63
3/4/2006,4.67
4/4/2006,4.68
5/4/2006,4.67
6/4/2006,4.68
7/4/2006,4.69
10/4/2006,4.69
11/4/2006,4.70
12/4/2006,4.70
13/4/2006,4.70
17/4/2006,4.72
18/4/2006,4.72
19/4/2006,4.73
20/4/2006,4.73
21/4/2006,4.75
24/4/2006,4.75
25/4/2006,4.79
26/4/2006,4.79
27/4/2006,4.78
28/4/2006,4.77
1/5/2006,4.82
2/5/2006,4.81
3/5/2006,4.82
4/5/2006,4.80
5/5/2006,4.83
8/5/2006,4.87
9/5/2006,4.88
10/5/2006,4.88
11/5/2006,4.82
12/5/2006,4.85
15/5/2006,4.86
16/5/2006,4.83
17/5/2006,4.83
18/5/2006,4.83
19/5/2006,4.82
22/5/2006,4.83
23/5/2006,4.84
24/5/2006,4.82
25/5/2006,4.82
26/5/2006,4.84
30/5/2006,4.84
31/5/2006,4.86
1/6/2006,4.83
2/6/2006,4.81
5/6/2006,4.85
6/6/2006,4.86
7/6/2006,4.86
8/6/2006,4.87
9/6/2006,4.88
12/6/2006,4.93
13/6/2006,4.89
14/6/2006,4.90
15/6/2006,4.85
16/6/2006,4.88
19/6/2006,4.93
20/6/2006,4.92
21/6/2006,4.92
22/6/2006,4.92
23/6/2006,4.98
26/6/2006,05.03
27/6/2006,05.05
28/6/2006,05.01
29/6/2006,05.01
30/6/2006,05.01
3/7/2006,05.08
5/7/2006,05.01
6/7/2006,5.00
7/7/2006,05.02
10/7/2006,05.06
11/7/2006,05.05
12/7/2006,05.06
13/7/2006,05.05
14/7/2006,05.06
17/7/2006,5.11
18/7/2006,5.13
19/7/2006,5.11
20/7/2006,05.08
21/7/2006,5.10
24/7/2006,5.10
25/7/2006,5.13
26/7/2006,5.11
27/7/2006,5.10
28/7/2006,05.07
31/7/2006,5.10
1/8/2006,5.12
2/8/2006,5.10
3/8/2006,5.11
4/8/2006,05.09
7/8/2006,5.12
8/8/2006,5.10
9/8/2006,05.07
10/8/2006,05.05
11/8/2006,05.07
14/8/2006,5.12
15/8/2006,5.10
16/8/2006,05.07
17/8/2006,05.09
18/8/2006,5.10
21/8/2006,5.11
22/8/2006,5.10
23/8/2006,05.09
24/8/2006,05.09
25/8/2006,5.11
28/8/2006,5.10
29/8/2006,05.07
30/8/2006,05.05
31/8/2006,05.05
1/9/2006,05.02
5/9/2006,5.00
6/9/2006,4.97
7/9/2006,4.97
8/9/2006,4.93
11/9/2006,4.93
12/9/2006,4.90
13/9/2006,4.91
14/9/2006,4.95
15/9/2006,4.96
18/9/2006,4.94
19/9/2006,4.94
20/9/2006,4.93
21/9/2006,4.92
22/9/2006,4.93
25/9/2006,4.88
26/9/2006,4.88
27/9/2006,4.88
28/9/2006,4.87
29/9/2006,4.89
2/10/2006,4.88
3/10/2006,4.90
4/10/2006,4.93
5/10/2006,4.94
6/10/2006,4.95
10/10/2006,5.00
11/10/2006,05.02
12/10/2006,05.06
13/10/2006,05.05
16/10/2006,05.09
17/10/2006,05.09
18/10/2006,05.09
19/10/2006,5.10
20/10/2006,05.09
23/10/2006,5.12
24/10/2006,5.13
25/10/2006,5.12
26/10/2006,5.12
27/10/2006,5.11
30/10/2006,5.10
31/10/2006,05.08
1/11/2006,05.07
2/11/2006,05.07
3/11/2006,05.09
6/11/2006,05.09
7/11/2006,05.08
8/11/2006,5.10
9/11/2006,05.09
10/11/2006,5.10
13/11/2006,05.09
14/11/2006,05.09
15/11/2006,05.09
16/11/2006,05.09
17/11/2006,05.09
20/11/2006,05.08
21/11/2006,05.07
22/11/2006,05.05
24/11/2006,05.04
27/11/2006,05.05
28/11/2006,05.04
29/11/2006,05.04
30/11/2006,05.03
1/12/2006,05.03
4/12/2006,05.01
5/12/2006,4.99
6/12/2006,4.99
7/12/2006,4.98
8/12/2006,4.97
11/12/2006,4.93
12/12/2006,4.93
13/12/2006,4.94
14/12/2006,4.96
15/12/2006,4.91
18/12/2006,4.96
19/12/2006,4.96
20/12/2006,4.96
21/12/2006,4.97
22/12/2006,4.99
26/12/2006,4.99
27/12/2006,4.97
28/12/2006,5.00
29/12/2006,05.02
2/1/2007,05.07
3/1/2007,05.05
4/1/2007,05.04
5/1/2007,05.05
8/1/2007,05.08
9/1/2007,05.08
10/1/2007,05.09
11/1/2007,5.11
12/1/2007,05.09
16/1/2007,5.11
17/1/2007,5.12
18/1/2007,5.12
19/1/2007,5.14
22/1/2007,5.13
23/1/2007,5.14
24/1/2007,5.13
25/1/2007,5.14
26/1/2007,5.13
29/1/2007,5.14
30/1/2007,5.13
31/1/2007,5.12
1/2/2007,5.13
2/2/2007,5.14
5/2/2007,5.15
6/2/2007,5.14
7/2/2007,5.15
8/2/2007,5.16
9/2/2007,5.15
12/2/2007,5.18
13/2/2007,5.17
14/2/2007,5.16
15/2/2007,5.17
16/2/2007,5.17
20/2/2007,5.19
21/2/2007,5.18
22/2/2007,5.19
23/2/2007,5.18
26/2/2007,5.19
27/2/2007,5.14
28/2/2007,5.16
1/3/2007,5.15
2/3/2007,5.12
5/3/2007,5.10
6/3/2007,5.14
7/3/2007,5.12
8/3/2007,5.10
9/3/2007,5.10
12/3/2007,05.09
13/3/2007,05.09
14/3/2007,05.06
15/3/2007,05.05
16/3/2007,05.04
19/3/2007,05.06
20/3/2007,05.06
21/3/2007,05.05
22/3/2007,05.06
23/3/2007,05.08
26/3/2007,05.06
27/3/2007,05.08
28/3/2007,05.06
29/3/2007,05.05
30/3/2007,05.04
2/4/2007,05.04
3/4/2007,05.05
4/4/2007,05.07
5/4/2007,05.04
6/4/2007,05.05
9/4/2007,05.02
10/4/2007,05.03
11/4/2007,05.04
12/4/2007,05.03
13/4/2007,05.02
16/4/2007,05.01
17/4/2007,05.01
18/4/2007,5.00
19/4/2007,4.99
20/4/2007,4.99
23/4/2007,4.98
24/4/2007,4.98
25/4/2007,4.97
26/4/2007,4.96
27/4/2007,4.95
30/4/2007,4.91
1/5/2007,4.90
2/5/2007,4.91
3/5/2007,4.90
4/5/2007,4.90
7/5/2007,4.89
8/5/2007,4.90
9/5/2007,4.88
10/5/2007,4.87
11/5/2007,4.87
14/5/2007,4.85
15/5/2007,4.83
16/5/2007,4.75
17/5/2007,4.81
18/5/2007,4.84
21/5/2007,4.88
22/5/2007,4.93
23/5/2007,4.91
24/5/2007,4.91
25/5/2007,4.88
29/5/2007,4.90
30/5/2007,4.85
31/5/2007,4.73
1/6/2007,4.79
4/6/2007,4.81
5/6/2007,4.83
6/6/2007,4.80
7/6/2007,4.80
8/6/2007,4.77
11/6/2007,4.73
12/6/2007,4.72
13/6/2007,4.66
14/6/2007,4.65
15/6/2007,4.56
18/6/2007,4.63
19/6/2007,4.65
20/6/2007,4.74
21/6/2007,4.70
22/6/2007,4.73
25/6/2007,4.82
26/6/2007,4.82
27/6/2007,4.77
28/6/2007,4.78
29/6/2007,4.82
2/7/2007,4.95
3/7/2007,4.95
5/7/2007,4.95
6/7/2007,4.95
9/7/2007,4.97
10/7/2007,4.95
11/7/2007,4.95
12/7/2007,4.97
13/7/2007,4.97
16/7/2007,4.98
17/7/2007,4.96
18/7/2007,4.96
19/7/2007,4.98
20/7/2007,4.97
23/7/2007,05.02
24/7/2007,05.02
25/7/2007,4.99
26/7/2007,4.92
27/7/2007,4.85
30/7/2007,4.96
31/7/2007,4.96
1/8/2007,4.89
2/8/2007,4.89
3/8/2007,4.85
6/8/2007,4.88
7/8/2007,4.94
8/8/2007,4.95
9/8/2007,4.81
10/8/2007,4.57
13/8/2007,4.74
14/8/2007,4.64
15/8/2007,4.21
16/8/2007,3.79
17/8/2007,3.76
20/8/2007,3.12
21/8/2007,3.59
22/8/2007,3.67
23/8/2007,3.89
24/8/2007,4.24
27/8/2007,4.63
28/8/2007,4.40
29/8/2007,3.98
30/8/2007,3.84
31/8/2007,04.01
4/9/2007,4.47
5/9/2007,4.36
6/9/2007,4.29
7/9/2007,04.07
10/9/2007,3.96
11/9/2007,4.11
12/9/2007,04.03
13/9/2007,04.08
14/9/2007,04.01
17/9/2007,4.15
18/9/2007,04.01
19/9/2007,3.93
20/9/2007,3.79
21/9/2007,3.74
24/9/2007,3.84
25/9/2007,3.79
26/9/2007,3.73
27/9/2007,3.71
28/9/2007,3.82
1/10/2007,3.92
2/10/2007,3.96
3/10/2007,3.96
4/10/2007,3.96
5/10/2007,4.00
9/10/2007,04.06
10/10/2007,04.06
11/10/2007,4.12
12/10/2007,4.20
15/10/2007,4.30
16/10/2007,4.25
17/10/2007,04.01
18/10/2007,3.76
19/10/2007,3.86
22/10/2007,4.00
23/10/2007,3.98
24/10/2007,3.85
25/10/2007,3.94
26/10/2007,3.96
29/10/2007,04.01
30/10/2007,3.96
31/10/2007,3.94
1/11/2007,3.81
2/11/2007,3.61
5/11/2007,3.71
6/11/2007,3.76
7/11/2007,3.49
8/11/2007,3.38
9/11/2007,3.27
13/11/2007,3.50
14/11/2007,3.41
15/11/2007,3.30
16/11/2007,3.40
19/11/2007,3.40
20/11/2007,3.25
21/11/2007,03.09
23/11/2007,3.23
26/11/2007,3.13
27/11/2007,3.16
28/11/2007,03.05
29/11/2007,2.99
30/11/2007,3.15
3/12/2007,03.06
4/12/2007,03.07
5/12/2007,03.07
6/12/2007,03.09
7/12/2007,3.12
10/12/2007,03.05
11/12/2007,2.94
12/12/2007,2.88
13/12/2007,2.87
14/12/2007,2.88
17/12/2007,03.07
18/12/2007,03.04
19/12/2007,2.91
20/12/2007,2.92
21/12/2007,3.00
24/12/2007,3.33
26/12/2007,3.32
27/12/2007,3.17
28/12/2007,3.18
31/12/2007,3.36
2/1/2008,3.26
3/1/2008,3.24
4/1/2008,3.20
7/1/2008,3.27
8/1/2008,3.25
9/1/2008,3.22
10/1/2008,3.24
11/1/2008,03.09
14/1/2008,3.19
15/1/2008,3.17
16/1/2008,3.14
17/1/2008,03.07
18/1/2008,2.86
22/1/2008,2.35
23/1/2008,2.21
24/1/2008,2.37
25/1/2008,2.30
28/1/2008,2.34
29/1/2008,2.28
30/1/2008,2.21
31/1/2008,1.96
1/2/2008,2.10
4/2/2008,2.27
5/2/2008,2.19
6/2/2008,2.10
7/2/2008,2.17
8/2/2008,2.23
11/2/2008,2.31
12/2/2008,2.31
13/2/2008,2.28
14/2/2008,2.31
15/2/2008,2.21
19/2/2008,2.28
20/2/2008,2.25
21/2/2008,2.20
22/2/2008,2.20
25/2/2008,2.20
26/2/2008,2.14
27/2/2008,1.98
28/2/2008,1.90
29/2/2008,1.85
3/3/2008,1.70
4/3/2008,1.66
5/3/2008,1.53
6/3/2008,1.39
7/3/2008,1.45
10/3/2008,1.35
11/3/2008,1.48
12/3/2008,1.48
13/3/2008,1.35
14/3/2008,1.18
17/3/2008,1.11
18/3/2008,0.92
19/3/2008,0.61
20/3/2008,0.63
24/3/2008,1.24
25/3/2008,1.29
26/3/2008,1.29
27/3/2008,1.30
28/3/2008,1.33
31/3/2008,1.38
1/4/2008,1.40
2/4/2008,1.41
3/4/2008,1.40
4/4/2008,1.35
7/4/2008,1.45
8/4/2008,1.41
9/4/2008,1.31
10/4/2008,1.27
11/4/2008,1.19
14/4/2008,01.08
15/4/2008,1.10
16/4/2008,1.12
17/4/2008,1.23
18/4/2008,1.35
21/4/2008,1.34
22/4/2008,1.27
23/4/2008,1.26
24/4/2008,1.26
25/4/2008,1.34
28/4/2008,1.43
29/4/2008,1.46
30/4/2008,1.43
1/5/2008,1.45
2/5/2008,1.50
5/5/2008,1.53
6/5/2008,1.63
7/5/2008,1.67
8/5/2008,1.66
9/5/2008,1.69
12/5/2008,1.77
13/5/2008,1.83
14/5/2008,1.82
15/5/2008,1.83
16/5/2008,1.84
19/5/2008,1.82
20/5/2008,1.86
21/5/2008,1.86
22/5/2008,1.86
23/5/2008,1.86
27/5/2008,1.89
28/5/2008,1.89
29/5/2008,1.90
30/5/2008,1.89
2/6/2008,1.85
3/6/2008,1.85
4/6/2008,1.84
5/6/2008,1.85
6/6/2008,1.85
9/6/2008,1.89
10/6/2008,02.02
11/6/2008,1.96
12/6/2008,2.00
13/6/2008,1.99
16/6/2008,02.07
17/6/2008,1.99
18/6/2008,1.93
19/6/2008,1.91
20/6/2008,1.87
23/6/2008,1.87
24/6/2008,1.83
25/6/2008,1.81
26/6/2008,1.74
27/6/2008,1.68
30/6/2008,1.90
1/7/2008,1.87
2/7/2008,1.82
3/7/2008,1.84
7/7/2008,1.87
8/7/2008,1.86
9/7/2008,1.82
10/7/2008,1.67
11/7/2008,1.62
14/7/2008,1.52
15/7/2008,1.39
16/7/2008,1.37
17/7/2008,1.43
18/7/2008,1.48
21/7/2008,1.48
22/7/2008,1.55
23/7/2008,1.59
24/7/2008,1.65
25/7/2008,1.75
28/7/2008,1.73
29/7/2008,1.72
30/7/2008,1.70
31/7/2008,1.68
1/8/2008,1.66
4/8/2008,1.75
5/8/2008,1.75
6/8/2008,1.64
7/8/2008,1.66
8/8/2008,1.70
11/8/2008,1.87
12/8/2008,1.86
13/8/2008,1.85
14/8/2008,1.89
15/8/2008,1.85
18/8/2008,1.82
19/8/2008,1.80
20/8/2008,1.71
21/8/2008,1.72
22/8/2008,1.70
25/8/2008,1.74
26/8/2008,1.71
27/8/2008,1.67
28/8/2008,1.74
29/8/2008,1.72
2/9/2008,1.72
3/9/2008,1.70
4/9/2008,1.69
5/9/2008,1.68
8/9/2008,1.71
9/9/2008,1.66
10/9/2008,1.65
11/9/2008,1.61
12/9/2008,1.49
15/9/2008,01.02
16/9/2008,0.84
17/9/2008,0.03
18/9/2008,0.23
19/9/2008,0.99
22/9/2008,1.28
23/9/2008,0.80
24/9/2008,0.49
25/9/2008,0.76
26/9/2008,0.87
29/9/2008,0.94
30/9/2008,0.92
1/10/2008,0.85
2/10/2008,0.63
3/10/2008,0.51
6/10/2008,0.54
7/10/2008,0.82
8/10/2008,0.68
9/10/2008,0.60
10/10/2008,0.25
14/10/2008,0.34
15/10/2008,0.22
16/10/2008,0.46
17/10/2008,0.83
20/10/2008,1.24
21/10/2008,1.10
22/10/2008,01.05
23/10/2008,0.98
24/10/2008,0.89
27/10/2008,0.84
28/10/2008,0.77
29/10/2008,0.62
30/10/2008,0.41
31/10/2008,0.46
3/11/2008,0.49
4/11/2008,0.48
5/11/2008,0.40
6/11/2008,0.32
7/11/2008,0.31
10/11/2008,0.29
12/11/2008,0.18
13/11/2008,0.22
14/11/2008,0.15
17/11/2008,0.12
18/11/2008,0.12
19/11/2008,0.07
20/11/2008,0.03
21/11/2008,0.02
24/11/2008,0.13
25/11/2008,0.10
26/11/2008,0.05
28/11/2008,0.01
1/12/2008,0.07
2/12/2008,0.06
3/12/2008,0.02
4/12/2008,0.02
5/12/2008,0.02
8/12/2008,0.03
9/12/2008,0.03
10/12/2008,0.00
11/12/2008,0.01
12/12/2008,0.02
15/12/2008,0.03
16/12/2008,0.04
17/12/2008,0.05
18/12/2008,0.00
19/12/2008,0.02
22/12/2008,0.01
23/12/2008,0.02
24/12/2008,0.00
26/12/2008,0.03
29/12/2008,0.06
30/12/2008,0.10
31/12/2008,0.11
2/1/2009,0.08
5/1/2009,0.14
6/1/2009,0.14
7/1/2009,0.11
8/1/2009,0.09
9/1/2009,0.07
12/1/2009,0.12
13/1/2009,0.11
14/1/2009,0.12
15/1/2009,0.11
16/1/2009,0.12
20/1/2009,0.13
21/1/2009,0.11
22/1/2009,0.10
23/1/2009,0.11
26/1/2009,0.14
27/1/2009,0.13
28/1/2009,0.19
29/1/2009,0.23
30/1/2009,0.24
2/2/2009,0.27
3/2/2009,0.32
4/2/2009,0.30
5/2/2009,0.29
6/2/2009,0.28
9/2/2009,0.32
10/2/2009,0.31
11/2/2009,0.30
12/2/2009,0.29
13/2/2009,0.29
17/2/2009,0.32
18/2/2009,0.31
19/2/2009,0.30
20/2/2009,0.27
23/2/2009,0.29
24/2/2009,0.32
25/2/2009,0.30
26/2/2009,0.27
27/2/2009,0.26
2/3/2009,0.28
3/3/2009,0.27
4/3/2009,0.26
5/3/2009,0.20
6/3/2009,0.21
9/3/2009,0.23
10/3/2009,0.24
11/3/2009,0.23
12/3/2009,0.22
13/3/2009,0.20
16/3/2009,0.24
17/3/2009,0.24
18/3/2009,0.21
19/3/2009,0.20
20/3/2009,0.22
23/3/2009,0.22
24/3/2009,0.21
25/3/2009,0.19
26/3/2009,0.15
27/3/2009,0.14
30/3/2009,0.18
31/3/2009,0.21
1/4/2009,0.22
2/4/2009,0.22
3/4/2009,0.21
6/4/2009,0.20
7/4/2009,0.20
8/4/2009,0.18
9/4/2009,0.18
13/4/2009,0.18
14/4/2009,0.17
15/4/2009,0.15
16/4/2009,0.13
17/4/2009,0.14
20/4/2009,0.14
21/4/2009,0.15
22/4/2009,0.14
23/4/2009,0.10
24/4/2009,0.10
27/4/2009,0.13
28/4/2009,0.13
29/4/2009,0.11
30/4/2009,0.14
1/5/2009,0.16
4/5/2009,0.19
5/5/2009,0.19
6/5/2009,0.19
7/5/2009,0.18
8/5/2009,0.19
11/5/2009,0.19
12/5/2009,0.19
13/5/2009,0.17
14/5/2009,0.16
15/5/2009,0.17
18/5/2009,0.19
19/5/2009,0.18
20/5/2009,0.18
21/5/2009,0.19
22/5/2009,0.18
26/5/2009,0.18
27/5/2009,0.17
28/5/2009,0.15
29/5/2009,0.14
1/6/2009,0.13
2/6/2009,0.14
3/6/2009,0.14
4/6/2009,0.14
5/6/2009,0.20
8/6/2009,0.19
9/6/2009,0.19
10/6/2009,0.18
11/6/2009,0.19
12/6/2009,0.19
15/6/2009,0.17
16/6/2009,0.17
17/6/2009,0.17
18/6/2009,0.18
19/6/2009,0.19
22/6/2009,0.20
23/6/2009,0.20
24/6/2009,0.19
25/6/2009,0.18
26/6/2009,0.20
29/6/2009,0.20
30/6/2009,0.19
1/7/2009,0.17
2/7/2009,0.17
6/7/2009,0.19
7/7/2009,0.19
8/7/2009,0.18
9/7/2009,0.19
10/7/2009,0.18
13/7/2009,0.18
14/7/2009,0.18
15/7/2009,0.18
16/7/2009,0.19
17/7/2009,0.17
20/7/2009,0.19
21/7/2009,0.19
22/7/2009,0.19
23/7/2009,0.19
24/7/2009,0.18
27/7/2009,0.19
28/7/2009,0.19
29/7/2009,0.19
30/7/2009,0.18
31/7/2009,0.18
3/8/2009,0.19
4/8/2009,0.18
5/8/2009,0.18
6/8/2009,0.17
7/8/2009,0.19
10/8/2009,0.19
11/8/2009,0.18
12/8/2009,0.17
13/8/2009,0.17
14/8/2009,0.18
17/8/2009,0.18
18/8/2009,0.18
19/8/2009,0.17
20/8/2009,0.17
21/8/2009,0.17
24/8/2009,0.17
25/8/2009,0.17
26/8/2009,0.15
27/8/2009,0.15
28/8/2009,0.15
31/8/2009,0.15
1/9/2009,0.14
2/9/2009,0.14
3/9/2009,0.15
4/9/2009,0.14
8/9/2009,0.14
9/9/2009,0.14
10/9/2009,0.14
11/9/2009,0.14
14/9/2009,0.14
15/9/2009,0.13
16/9/2009,0.10
17/9/2009,0.10
18/9/2009,0.08
21/9/2009,0.11
22/9/2009,0.11
23/9/2009,0.11
24/9/2009,0.10
25/9/2009,0.10
28/9/2009,0.11
29/9/2009,0.13
30/9/2009,0.14
1/10/2009,0.10
2/10/2009,0.10
5/10/2009,0.08
6/10/2009,0.08
7/10/2009,0.09
8/10/2009,0.06
9/10/2009,0.07
13/10/2009,0.07
14/10/2009,0.07
15/10/2009,0.07
16/10/2009,0.07
19/10/2009,0.08
20/10/2009,0.08
21/10/2009,0.07
22/10/2009,0.06
23/10/2009,0.07
26/10/2009,0.08
27/10/2009,0.08
28/10/2009,0.07
29/10/2009,0.06
30/10/2009,0.05
2/11/2009,0.06
3/11/2009,0.06
4/11/2009,0.05
5/11/2009,0.04
6/11/2009,0.06
9/11/2009,0.07
10/11/2009,0.07
12/11/2009,0.07
13/11/2009,0.06
16/11/2009,0.07
17/11/2009,0.06
18/11/2009,0.04
19/11/2009,0.02
20/11/2009,0.02
23/11/2009,0.05
24/11/2009,0.05
25/11/2009,0.05
27/11/2009,0.03
30/11/2009,0.06
1/12/2009,0.06
2/12/2009,0.05
3/12/2009,0.06
4/12/2009,0.06
7/12/2009,0.04
8/12/2009,0.03
9/12/2009,0.03
10/12/2009,0.02
11/12/2009,0.03
14/12/2009,0.04
15/12/2009,0.05
16/12/2009,0.04
17/12/2009,0.04
18/12/2009,0.05
21/12/2009,0.08
22/12/2009,0.08
23/12/2009,0.07
24/12/2009,0.05
28/12/2009,0.11
29/12/2009,0.10
30/12/2009,0.05
31/12/2009,0.06
4/1/2010,0.08
5/1/2010,0.07
6/1/2010,0.06
7/1/2010,0.05
8/1/2010,0.05
11/1/2010,0.04
12/1/2010,0.05
13/1/2010,0.06
14/1/2010,0.05
15/1/2010,0.06
19/1/2010,0.06
20/1/2010,0.05
21/1/2010,0.06
22/1/2010,0.06
25/1/2010,0.06
26/1/2010,0.07
27/1/2010,0.08
28/1/2010,0.08
29/1/2010,0.08
1/2/2010,0.10
2/2/2010,0.10
3/2/2010,0.10
4/2/2010,0.09
5/2/2010,0.10
8/2/2010,0.12
9/2/2010,0.12
10/2/2010,0.11
11/2/2010,0.11
12/2/2010,0.10
16/2/2010,0.10
17/2/2010,0.10
18/2/2010,0.10
19/2/2010,0.11
22/2/2010,0.11
23/2/2010,0.12
24/2/2010,0.12
25/2/2010,0.13
26/2/2010,0.13
1/3/2010,0.13
2/3/2010,0.14
3/3/2010,0.14
4/3/2010,0.14
5/3/2010,0.15
8/3/2010,0.16
9/3/2010,0.16
10/3/2010,0.15
11/3/2010,0.16
12/3/2010,0.15
15/3/2010,0.17
16/3/2010,0.16
17/3/2010,0.15
18/3/2010,0.16
19/3/2010,0.16
22/3/2010,0.15
23/3/2010,0.14
24/3/2010,0.14
25/3/2010,0.14
26/3/2010,0.14
29/3/2010,0.15
30/3/2010,0.16
31/3/2010,0.16
1/4/2010,0.16
2/4/2010,0.16
5/4/2010,0.18
6/4/2010,0.17
7/4/2010,0.17
8/4/2010,0.17
9/4/2010,0.16
12/4/2010,0.16
13/4/2010,0.16
14/4/2010,0.16
15/4/2010,0.16
16/4/2010,0.16
19/4/2010,0.16
20/4/2010,0.16
21/4/2010,0.15
22/4/2010,0.16
23/4/2010,0.16
26/4/2010,0.16
27/4/2010,0.16
28/4/2010,0.16
29/4/2010,0.17
30/4/2010,0.16
3/5/2010,0.17
4/5/2010,0.16
5/5/2010,0.15
6/5/2010,0.11
7/5/2010,0.13
10/5/2010,0.16
11/5/2010,0.16
12/5/2010,0.16
13/5/2010,0.16
14/5/2010,0.16
17/5/2010,0.16
18/5/2010,0.17
19/5/2010,0.17
20/5/2010,0.17
21/5/2010,0.17
24/5/2010,0.17
25/5/2010,0.17
26/5/2010,0.17
27/5/2010,0.17
28/5/2010,0.16
1/6/2010,0.16
2/6/2010,0.16
3/6/2010,0.14
4/6/2010,0.14
7/6/2010,0.12
8/6/2010,0.12
9/6/2010,0.10
10/6/2010,0.10
11/6/2010,0.08
14/6/2010,0.07
15/6/2010,0.09
16/6/2010,0.10
17/6/2010,0.09
18/6/2010,0.11
21/6/2010,0.12
22/6/2010,0.13
23/6/2010,0.13
24/6/2010,0.13
25/6/2010,0.13
28/6/2010,0.17
29/6/2010,0.15
30/6/2010,0.18
1/7/2010,0.17
2/7/2010,0.17
6/7/2010,0.17
7/7/2010,0.16
8/7/2010,0.15
9/7/2010,0.16
12/7/2010,0.16
13/7/2010,0.15
14/7/2010,0.15
15/7/2010,0.15
16/7/2010,0.15
19/7/2010,0.17
20/7/2010,0.16
21/7/2010,0.16
22/7/2010,0.16
23/7/2010,0.16
26/7/2010,0.16
27/7/2010,0.15
28/7/2010,0.15
29/7/2010,0.15
30/7/2010,0.15
2/8/2010,0.16
3/8/2010,0.16
4/8/2010,0.16
5/8/2010,0.15
6/8/2010,0.15
9/8/2010,0.15
10/8/2010,0.15
11/8/2010,0.15
12/8/2010,0.16
13/8/2010,0.15
16/8/2010,0.16
17/8/2010,0.17
18/8/2010,0.16
19/8/2010,0.16
20/8/2010,0.15
23/8/2010,0.16
24/8/2010,0.16
25/8/2010,0.16
26/8/2010,0.16
27/8/2010,0.15
30/8/2010,0.14
31/8/2010,0.14
1/9/2010,0.13
2/9/2010,0.14
3/9/2010,0.14
7/9/2010,0.14
8/9/2010,0.14
9/9/2010,0.14
10/9/2010,0.14
13/9/2010,0.15
14/9/2010,0.15
15/9/2010,0.15
16/9/2010,0.16
17/9/2010,0.16
20/9/2010,0.17
21/9/2010,0.17
22/9/2010,0.16
23/9/2010,0.16
24/9/2010,0.15
27/9/2010,0.16
28/9/2010,0.16
29/9/2010,0.16
30/9/2010,0.16
1/10/2010,0.16
4/10/2010,0.13
5/10/2010,0.12
6/10/2010,0.13
7/10/2010,0.13
8/10/2010,0.12
12/10/2010,0.13
13/10/2010,0.13
14/10/2010,0.14
15/10/2010,0.14
18/10/2010,0.15
19/10/2010,0.14
20/10/2010,0.14
21/10/2010,0.13
22/10/2010,0.13
25/10/2010,0.14
26/10/2010,0.14
27/10/2010,0.14
28/10/2010,0.13
29/10/2010,0.12
1/11/2010,0.13
2/11/2010,0.13
3/11/2010,0.13
4/11/2010,0.13
5/11/2010,0.13
8/11/2010,0.13
9/11/2010,0.13
10/11/2010,0.13
12/11/2010,0.13
15/11/2010,0.14
16/11/2010,0.15
17/11/2010,0.14
18/11/2010,0.15
19/11/2010,0.14
22/11/2010,0.15
23/11/2010,0.15
24/11/2010,0.16
26/11/2010,0.16
29/11/2010,0.18
30/11/2010,0.17
1/12/2010,0.16
2/12/2010,0.16
3/12/2010,0.14
6/12/2010,0.15
7/12/2010,0.14
8/12/2010,0.15
9/12/2010,0.14
10/12/2010,0.13
13/12/2010,0.15
14/12/2010,0.15
15/12/2010,0.14
16/12/2010,0.13
17/12/2010,0.11
20/12/2010,0.14
21/12/2010,0.14
22/12/2010,0.14
23/12/2010,0.14
27/12/2010,0.17
28/12/2010,0.15
29/12/2010,0.13
30/12/2010,0.12
31/12/2010,0.12
3/1/2011,0.15
4/1/2011,0.14
5/1/2011,0.14
6/1/2011,0.15
7/1/2011,0.14
10/1/2011,0.15
11/1/2011,0.15
12/1/2011,0.15
13/1/2011,0.15
14/1/2011,0.15
18/1/2011,0.16
19/1/2011,0.16
20/1/2011,0.16
21/1/2011,0.16
24/1/2011,0.16
25/1/2011,0.16
26/1/2011,0.16
27/1/2011,0.15
28/1/2011,0.15
31/1/2011,0.15
1/2/2011,0.15
2/2/2011,0.16
3/2/2011,0.14
4/2/2011,0.15
7/2/2011,0.16
8/2/2011,0.15
9/2/2011,0.14
10/2/2011,0.12
11/2/2011,0.12
14/2/2011,0.13
15/2/2011,0.13
16/2/2011,0.12
17/2/2011,0.09
18/2/2011,0.10
22/2/2011,0.12
23/2/2011,0.12
24/2/2011,0.13
25/2/2011,0.13
28/2/2011,0.15
1/3/2011,0.14
2/3/2011,0.13
3/3/2011,0.13
4/3/2011,0.12
7/3/2011,0.11
8/3/2011,0.11
9/3/2011,0.10
10/3/2011,0.08
11/3/2011,0.08
14/3/2011,0.09
15/3/2011,0.10
16/3/2011,0.10
17/3/2011,0.08
18/3/2011,0.07
21/3/2011,0.10
22/3/2011,0.10
23/3/2011,0.09
24/3/2011,0.09
25/3/2011,0.09
28/3/2011,0.11
29/3/2011,0.10
30/3/2011,0.10
31/3/2011,0.09
1/4/2011,0.07
4/4/2011,0.06
5/4/2011,0.07
6/4/2011,0.06
7/4/2011,0.04
8/4/2011,0.04
11/4/2011,0.05
12/4/2011,0.05
13/4/2011,0.06
14/4/2011,0.07
15/4/2011,0.07
18/4/2011,0.07
19/4/2011,0.06
20/4/2011,0.06
21/4/2011,0.06
25/4/2011,0.07
26/4/2011,0.07
27/4/2011,0.06
28/4/2011,0.04
29/4/2011,0.04
2/5/2011,0.05
3/5/2011,0.03
4/5/2011,0.03
5/5/2011,0.02
6/5/2011,0.02
9/5/2011,0.03
10/5/2011,0.03
11/5/2011,0.03
12/5/2011,0.02
13/5/2011,0.03
16/5/2011,0.04
17/5/2011,0.04
18/5/2011,0.05
19/5/2011,0.05
20/5/2011,0.05
23/5/2011,0.06
24/5/2011,0.06
25/5/2011,0.06
26/5/2011,0.05
27/5/2011,0.05
31/5/2011,0.06
1/6/2011,0.05
2/6/2011,0.04
3/6/2011,0.04
6/6/2011,0.05
7/6/2011,0.05
8/6/2011,0.04
9/6/2011,0.05
10/6/2011,0.05
13/6/2011,0.05
14/6/2011,0.05
15/6/2011,0.05
16/6/2011,0.05
17/6/2011,0.04
20/6/2011,0.03
21/6/2011,0.03
22/6/2011,0.02
23/6/2011,0.01
24/6/2011,0.02
27/6/2011,0.02
28/6/2011,0.03
29/6/2011,0.02
30/6/2011,0.03
1/7/2011,0.02
5/7/2011,0.02
6/7/2011,0.01
7/7/2011,0.03
8/7/2011,0.03
11/7/2011,0.03
12/7/2011,0.03
13/7/2011,0.01
14/7/2011,0.01
15/7/2011,0.02
18/7/2011,0.02
19/7/2011,0.03
20/7/2011,0.02
21/7/2011,0.05
22/7/2011,0.05
25/7/2011,0.05
26/7/2011,0.07
27/7/2011,0.08
28/7/2011,0.07
29/7/2011,0.10
1/8/2011,0.10
2/8/2011,0.06
3/8/2011,0.02
4/8/2011,0.02
5/8/2011,0.01
8/8/2011,0.05
9/8/2011,0.03
10/8/2011,0.02
11/8/2011,0.03
12/8/2011,0.02
15/8/2011,0.02
16/8/2011,0.03
17/8/2011,0.01
18/8/2011,0.01
19/8/2011,0.02
22/8/2011,0.01
23/8/2011,0.01
24/8/2011,0.02
25/8/2011,0.01
26/8/2011,0.01
29/8/2011,0.02
30/8/2011,0.01
31/8/2011,0.02
1/9/2011,0.02
2/9/2011,0.02
6/9/2011,0.02
7/9/2011,0.02
8/9/2011,0.02
9/9/2011,0.01
12/9/2011,0.01
13/9/2011,0.01
14/9/2011,0.01
15/9/2011,0.01
16/9/2011,0.01
19/9/2011,0.01
20/9/2011,0.01
21/9/2011,0.01
22/9/2011,0.00
23/9/2011,0.01
26/9/2011,0.02
27/9/2011,0.01
28/9/2011,0.02
29/9/2011,0.02
30/9/2011,0.02
3/10/2011,0.02
4/10/2011,0.01
5/10/2011,0.00
6/10/2011,0.01
7/10/2011,0.01
11/10/2011,0.02
12/10/2011,0.02
13/10/2011,0.02
14/10/2011,0.02
17/10/2011,0.04
18/10/2011,0.04
19/10/2011,0.03
20/10/2011,0.03
21/10/2011,0.02
24/10/2011,0.02
25/10/2011,0.01
26/10/2011,0.02
27/10/2011,0.02
28/10/2011,0.01
31/10/2011,0.01
1/11/2011,0.01
2/11/2011,0.01
3/11/2011,0.01
4/11/2011,0.01
7/11/2011,0.01
8/11/2011,0.01
9/11/2011,0.01
10/11/2011,0.01
14/11/2011,0.01
15/11/2011,0.01
16/11/2011,0.01
17/11/2011,0.02
18/11/2011,0.01
21/11/2011,0.02
22/11/2011,0.02
23/11/2011,0.02
25/11/2011,0.02
28/11/2011,0.03
29/11/2011,0.02
30/11/2011,0.01
1/12/2011,0.01
2/12/2011,0.02
5/12/2011,0.01
6/12/2011,0.01
7/12/2011,0.02
8/12/2011,0.01
9/12/2011,0.01
12/12/2011,0.01
13/12/2011,0.01
14/12/2011,0.01
15/12/2011,0.00
16/12/2011,0.00
19/12/2011,0.01
20/12/2011,0.01
21/12/2011,0.01
22/12/2011,0.01
23/12/2011,0.01
27/12/2011,0.02
28/12/2011,0.01
29/12/2011,0.02
30/12/2011,0.02
3/1/2012,0.02
4/1/2012,0.02
5/1/2012,0.02
6/1/2012,0.02
9/1/2012,0.01
10/1/2012,0.02
11/1/2012,0.02
12/1/2012,0.03
13/1/2012,0.03
17/1/2012,0.03
18/1/2012,0.03
19/1/2012,0.05
20/1/2012,0.05
23/1/2012,0.04
24/1/2012,0.04
25/1/2012,0.04
26/1/2012,0.05
27/1/2012,0.06
30/1/2012,0.05
31/1/2012,0.06
1/2/2012,0.06
2/2/2012,0.08
3/2/2012,0.08
6/2/2012,0.08
7/2/2012,0.08
8/2/2012,0.09
9/2/2012,0.09
10/2/2012,0.09
13/2/2012,0.11
14/2/2012,0.12
15/2/2012,0.11
16/2/2012,0.10
17/2/2012,0.09
21/2/2012,0.08
22/2/2012,0.09
23/2/2012,0.09
24/2/2012,0.10
27/2/2012,0.12
28/2/2012,0.10
29/2/2012,0.08
1/3/2012,0.08
2/3/2012,0.07
5/3/2012,0.08
6/3/2012,0.08
7/3/2012,0.08
8/3/2012,0.08
9/3/2012,0.09
12/3/2012,0.09
13/3/2012,0.08
14/3/2012,0.09
15/3/2012,0.08
16/3/2012,0.09
19/3/2012,0.10
20/3/2012,0.10
21/3/2012,0.09
22/3/2012,0.08
23/3/2012,0.08
26/3/2012,0.09
27/3/2012,0.09
28/3/2012,0.09
29/3/2012,0.07
30/3/2012,0.07
2/4/2012,0.08
3/4/2012,0.08
4/4/2012,0.08
5/4/2012,0.08
6/4/2012,0.07
9/4/2012,0.09
10/4/2012,0.09
11/4/2012,0.09
12/4/2012,0.09
13/4/2012,0.09
16/4/2012,0.08
17/4/2012,0.08
18/4/2012,0.07
19/4/2012,0.07
20/4/2012,0.08
23/4/2012,0.08
24/4/2012,0.09
25/4/2012,0.09
26/4/2012,0.09
27/4/2012,0.09
30/4/2012,0.10
1/5/2012,0.09
2/5/2012,0.08
3/5/2012,0.09
4/5/2012,0.07
7/5/2012,0.10
8/5/2012,0.09
9/5/2012,0.09
10/5/2012,0.10
11/5/2012,0.10
14/5/2012,0.10
15/5/2012,0.09
16/5/2012,0.10
17/5/2012,0.10
18/5/2012,0.08
21/5/2012,0.09
22/5/2012,0.09
23/5/2012,0.09
24/5/2012,0.10
25/5/2012,0.09
29/5/2012,0.09
30/5/2012,0.07
31/5/2012,0.07
1/6/2012,0.07
4/6/2012,0.08
5/6/2012,0.08
6/6/2012,0.09
7/6/2012,0.09
8/6/2012,0.09
11/6/2012,0.09
12/6/2012,0.10
13/6/2012,0.10
14/6/2012,0.11
15/6/2012,0.09
18/6/2012,0.10
19/6/2012,0.09
20/6/2012,0.09
21/6/2012,0.09
22/6/2012,0.09
25/6/2012,0.10
26/6/2012,0.10
27/6/2012,0.09
28/6/2012,0.09
29/6/2012,0.09
2/7/2012,0.10
3/7/2012,0.09
5/7/2012,0.08
6/7/2012,0.08
9/7/2012,0.09
10/7/2012,0.09
11/7/2012,0.10
12/7/2012,0.10
13/7/2012,0.10
16/7/2012,0.10
17/7/2012,0.10
18/7/2012,0.09
19/7/2012,0.09
20/7/2012,0.09
23/7/2012,0.10
24/7/2012,0.10
25/7/2012,0.10
26/7/2012,0.11
27/7/2012,0.11
30/7/2012,0.11
31/7/2012,0.11
1/8/2012,0.10
2/8/2012,0.09
3/8/2012,0.09
6/8/2012,0.10
7/8/2012,0.11
8/8/2012,0.11
9/8/2012,0.11
10/8/2012,0.10
13/8/2012,0.11
14/8/2012,0.11
15/8/2012,0.09
16/8/2012,0.09
17/8/2012,0.09
20/8/2012,0.11
21/8/2012,0.11
22/8/2012,0.11
23/8/2012,0.11
24/8/2012,0.10
27/8/2012,0.11
28/8/2012,0.10
29/8/2012,0.12
30/8/2012,0.10
31/8/2012,0.09
4/9/2012,0.10
5/9/2012,0.11
6/9/2012,0.11
7/9/2012,0.11
10/9/2012,0.10
11/9/2012,0.10
12/9/2012,0.10
13/9/2012,0.10
14/9/2012,0.11
17/9/2012,0.11
18/9/2012,0.10
19/9/2012,0.11
20/9/2012,0.11
21/9/2012,0.11
24/9/2012,0.11
25/9/2012,0.11
26/9/2012,0.11
27/9/2012,0.09
28/9/2012,0.10
1/10/2012,0.09
2/10/2012,0.09
3/10/2012,0.09
4/10/2012,0.10
5/10/2012,0.11
9/10/2012,0.10
10/10/2012,0.10
11/10/2012,0.10
12/10/2012,0.11
15/10/2012,0.11
16/10/2012,0.09
17/10/2012,0.11
18/10/2012,0.10
19/10/2012,0.10
22/10/2012,0.10
23/10/2012,0.11
24/10/2012,0.11
25/10/2012,0.11
26/10/2012,0.12
29/10/2012,0.14
31/10/2012,0.11
1/11/2012,0.09
2/11/2012,0.09
5/11/2012,0.11
6/11/2012,0.10
7/11/2012,0.10
8/11/2012,0.10
9/11/2012,0.09
13/11/2012,0.11
14/11/2012,0.10
15/11/2012,0.08
16/11/2012,0.06
19/11/2012,0.09
20/11/2012,0.08
21/11/2012,0.10
23/11/2012,0.10
26/11/2012,0.10
27/11/2012,0.10
28/11/2012,0.10
29/11/2012,0.09
30/11/2012,0.08
3/12/2012,0.10
4/12/2012,0.10
5/12/2012,0.10
6/12/2012,0.10
7/12/2012,0.09
10/12/2012,0.09
11/12/2012,0.08
12/12/2012,0.07
13/12/2012,0.06
14/12/2012,0.04
17/12/2012,0.05
18/12/2012,0.06
19/12/2012,0.05
20/12/2012,0.06
21/12/2012,0.06
24/12/2012,0.06
26/12/2012,0.09
27/12/2012,0.08
28/12/2012,0.01
31/12/2012,0.05
2/1/2013,0.08
3/1/2013,0.08
4/1/2013,0.07
7/1/2013,0.07
8/1/2013,0.07
9/1/2013,0.06
10/1/2013,0.06
11/1/2013,0.07
14/1/2013,0.08
15/1/2013,0.09
16/1/2013,0.08
17/1/2013,0.07
18/1/2013,0.08
22/1/2013,0.08
23/1/2013,0.08
24/1/2013,0.08
25/1/2013,0.08
28/1/2013,0.07
29/1/2013,0.07
30/1/2013,0.07
31/1/2013,0.07
1/2/2013,0.06
4/2/2013,0.07
5/2/2013,0.07
6/2/2013,0.07
7/2/2013,0.07
8/2/2013,0.07
11/2/2013,0.09
12/2/2013,0.09
13/2/2013,0.10
14/2/2013,0.11
15/2/2013,0.10
19/2/2013,0.12
20/2/2013,0.12
21/2/2013,0.13
22/2/2013,0.13
25/2/2013,0.12
26/2/2013,0.14
27/2/2013,0.11
28/2/2013,0.11
1/3/2013,0.11
4/3/2013,0.11
5/3/2013,0.08
6/3/2013,0.10
7/3/2013,0.10
8/3/2013,0.10
11/3/2013,0.10
12/3/2013,0.10
13/3/2013,0.09
14/3/2013,0.10
15/3/2013,0.09
18/3/2013,0.07
19/3/2013,0.07
20/3/2013,0.07
21/3/2013,0.07
22/3/2013,0.07
25/3/2013,0.08
26/3/2013,0.07
27/3/2013,0.09
28/3/2013,0.07
1/4/2013,0.08
2/4/2013,0.07
3/4/2013,0.06
4/4/2013,0.07
5/4/2013,0.07
8/4/2013,0.07
9/4/2013,0.06
10/4/2013,0.07
11/4/2013,0.07
12/4/2013,0.06
15/4/2013,0.06
16/4/2013,0.06
17/4/2013,0.06
18/4/2013,0.05
19/4/2013,0.05
22/4/2013,0.05
23/4/2013,0.05
24/4/2013,0.06
25/4/2013,0.05
26/4/2013,0.05
29/4/2013,0.05
30/4/2013,0.05
1/5/2013,0.06
2/5/2013,0.05
3/5/2013,0.05
6/5/2013,0.04
7/5/2013,0.04
8/5/2013,0.04
9/5/2013,0.04
10/5/2013,0.04
13/5/2013,0.05
14/5/2013,0.05
15/5/2013,0.04
16/5/2013,0.03
17/5/2013,0.04
20/5/2013,0.05
21/5/2013,0.04
22/5/2013,0.04
23/5/2013,0.05
24/5/2013,0.04
28/5/2013,0.05
29/5/2013,0.05
30/5/2013,0.04
31/5/2013,0.04
3/6/2013,0.05
4/6/2013,0.04
5/6/2013,0.05
6/6/2013,0.05
7/6/2013,0.04
10/6/2013,0.05
11/6/2013,0.05
12/6/2013,0.05
13/6/2013,0.05
14/6/2013,0.05
17/6/2013,0.05
18/6/2013,0.05
19/6/2013,0.05
20/6/2013,0.05
21/6/2013,0.05
24/6/2013,0.06
25/6/2013,0.06
26/6/2013,0.06
27/6/2013,0.06
28/6/2013,0.04
1/7/2013,0.04
2/7/2013,0.03
3/7/2013,0.05
5/7/2013,0.04
8/7/2013,0.05
9/7/2013,0.04
10/7/2013,0.04
11/7/2013,0.04
12/7/2013,0.04
15/7/2013,0.04
16/7/2013,0.03
17/7/2013,0.03
18/7/2013,0.03
19/7/2013,0.03
22/7/2013,0.04
23/7/2013,0.02
24/7/2013,0.03
25/7/2013,0.02
26/7/2013,0.03
29/7/2013,0.03
30/7/2013,0.04
31/7/2013,0.04
1/8/2013,0.04
2/8/2013,0.04
5/8/2013,0.05
6/8/2013,0.04
7/8/2013,0.05
8/8/2013,0.05
9/8/2013,0.05
12/8/2013,0.06
13/8/2013,0.06
14/8/2013,0.05
15/8/2013,0.05
16/8/2013,0.05
19/8/2013,0.06
20/8/2013,0.04
21/8/2013,0.04
22/8/2013,0.03
23/8/2013,0.03
26/8/2013,0.04
27/8/2013,0.05
28/8/2013,0.03
29/8/2013,0.02
30/8/2013,0.03
3/9/2013,0.02
4/9/2013,0.02
5/9/2013,0.02
6/9/2013,0.02
9/9/2013,0.02
10/9/2013,0.02
11/9/2013,0.02
12/9/2013,0.01
13/9/2013,0.01
16/9/2013,0.02
17/9/2013,0.01
18/9/2013,0.01
19/9/2013,0.01
20/9/2013,0.01
23/9/2013,0.02
24/9/2013,0.02
25/9/2013,0.02
26/9/2013,0.00
27/9/2013,0.02
30/9/2013,0.02
1/10/2013,0.02
2/10/2013,0.02
3/10/2013,0.03
4/10/2013,0.03
7/10/2013,0.03
8/10/2013,0.05
9/10/2013,0.05
10/10/2013,0.05
11/10/2013,0.08
15/10/2013,0.14
16/10/2013,0.10
17/10/2013,0.05
18/10/2013,0.04
21/10/2013,0.04
22/10/2013,0.04
23/10/2013,0.04
24/10/2013,0.03
25/10/2013,0.04
28/10/2013,0.04
29/10/2013,0.04
30/10/2013,0.04
31/10/2013,0.04
1/11/2013,0.04
4/11/2013,0.05
5/11/2013,0.05
6/11/2013,0.05
7/11/2013,0.05
8/11/2013,0.06
12/11/2013,0.08
13/11/2013,0.08
14/11/2013,0.08
15/11/2013,0.08
18/11/2013,0.09
19/11/2013,0.08
20/11/2013,0.08
21/11/2013,0.07
22/11/2013,0.07
25/11/2013,0.08
26/11/2013,0.07
27/11/2013,0.07
29/11/2013,0.06
2/12/2013,0.05
3/12/2013,0.06
4/12/2013,0.06
5/12/2013,0.06
6/12/2013,0.06
9/12/2013,0.07
10/12/2013,0.07
11/12/2013,0.07
12/12/2013,0.07
13/12/2013,0.07
16/12/2013,0.07
17/12/2013,0.07
18/12/2013,0.07
19/12/2013,0.06
20/12/2013,0.07
23/12/2013,0.07
24/12/2013,0.07
26/12/2013,0.07
27/12/2013,0.07
30/12/2013,0.07
31/12/2013,0.07
2/1/2014,0.07
3/1/2014,0.07
6/1/2014,0.05
7/1/2014,0.04
8/1/2014,0.05
9/1/2014,0.04
10/1/2014,0.05
13/1/2014,0.03
14/1/2014,0.04
15/1/2014,0.04
16/1/2014,0.04
17/1/2014,0.05
21/1/2014,0.04
22/1/2014,0.04
23/1/2014,0.04
24/1/2014,0.04
27/1/2014,0.05
28/1/2014,0.05
29/1/2014,0.04
30/1/2014,0.02
31/1/2014,0.02
3/2/2014,0.05
4/2/2014,0.06
5/2/2014,0.07
6/2/2014,0.07
7/2/2014,0.08
10/2/2014,0.07
11/2/2014,0.05
12/2/2014,0.05
13/2/2014,0.03
14/2/2014,0.02
18/2/2014,0.05
19/2/2014,0.06
20/2/2014,0.05
21/2/2014,0.05
24/2/2014,0.05
25/2/2014,0.05
26/2/2014,0.05
27/2/2014,0.04
28/2/2014,0.05
3/3/2014,0.05
4/3/2014,0.05
5/3/2014,0.06
6/3/2014,0.05
7/3/2014,0.06
10/3/2014,0.05
11/3/2014,0.05
12/3/2014,0.05
13/3/2014,0.05
14/3/2014,0.05
17/3/2014,0.06
18/3/2014,0.05
19/3/2014,0.06
20/3/2014,0.06
21/3/2014,0.06
24/3/2014,0.06
25/3/2014,0.05
26/3/2014,0.05
27/3/2014,0.04
28/3/2014,0.04
31/3/2014,0.05
1/4/2014,0.04
2/4/2014,0.02
3/4/2014,0.02
4/4/2014,0.03
7/4/2014,0.03
8/4/2014,0.03
9/4/2014,0.04
10/4/2014,0.04
11/4/2014,0.04
14/4/2014,0.04
15/4/2014,0.04
16/4/2014,0.04
17/4/2014,0.03
21/4/2014,0.04
22/4/2014,0.03
23/4/2014,0.02
24/4/2014,0.01
25/4/2014,0.03
28/4/2014,0.03
29/4/2014,0.02
30/4/2014,0.03
1/5/2014,0.03
2/5/2014,0.02
5/5/2014,0.03
6/5/2014,0.03
7/5/2014,0.03
8/5/2014,0.03
9/5/2014,0.03
12/5/2014,0.03
13/5/2014,0.03
14/5/2014,0.03
15/5/2014,0.03
16/5/2014,0.03
19/5/2014,0.03
20/5/2014,0.03
21/5/2014,0.04
22/5/2014,0.03
23/5/2014,0.04
27/5/2014,0.04
28/5/2014,0.04
29/5/2014,0.04
30/5/2014,0.04
2/6/2014,0.04
3/6/2014,0.04
4/6/2014,0.04
5/6/2014,0.04
6/6/2014,0.04
9/6/2014,0.04
10/6/2014,0.04
11/6/2014,0.04
12/6/2014,0.04
13/6/2014,0.04
16/6/2014,0.04
17/6/2014,0.04
18/6/2014,0.03
19/6/2014,0.02
20/6/2014,0.02
23/6/2014,0.03
24/6/2014,0.03
25/6/2014,0.03
26/6/2014,0.04
27/6/2014,0.03
30/6/2014,0.04
1/7/2014,0.02
2/7/2014,0.02
3/7/2014,0.01
7/7/2014,0.04
8/7/2014,0.03
9/7/2014,0.03
10/7/2014,0.02
11/7/2014,0.02
14/7/2014,0.03
15/7/2014,0.02
16/7/2014,0.02
17/7/2014,0.02
18/7/2014,0.02
21/7/2014,0.03
22/7/2014,0.03
23/7/2014,0.03
24/7/2014,0.03
25/7/2014,0.03
28/7/2014,0.04
29/7/2014,0.02
30/7/2014,0.04
31/7/2014,0.03
1/8/2014,0.03
4/8/2014,0.04
5/8/2014,0.03
6/8/2014,0.03
7/8/2014,0.03
8/8/2014,0.03
11/8/2014,0.04
12/8/2014,0.03
13/8/2014,0.04
14/8/2014,0.04
15/8/2014,0.03
18/8/2014,0.03
19/8/2014,0.03
20/8/2014,0.04
21/8/2014,0.02
22/8/2014,0.03
25/8/2014,0.04
26/8/2014,0.03
27/8/2014,0.04
28/8/2014,0.03
29/8/2014,0.03
2/9/2014,0.03
3/9/2014,0.03
4/9/2014,0.03
5/9/2014,0.03
8/9/2014,0.02
9/9/2014,0.02
10/9/2014,0.02
11/9/2014,0.02
12/9/2014,0.02
15/9/2014,0.02
16/9/2014,0.02
17/9/2014,0.02
18/9/2014,0.02
19/9/2014,0.02
22/9/2014,0.01
23/9/2014,0.01
24/9/2014,0.02
25/9/2014,0.01
26/9/2014,0.01
29/9/2014,0.02
30/9/2014,0.02
1/10/2014,0.02
2/10/2014,0.01
3/10/2014,0.01
6/10/2014,0.02
7/10/2014,0.02
8/10/2014,0.01
9/10/2014,0.01
10/10/2014,0.01
14/10/2014,0.02
15/10/2014,0.02
16/10/2014,0.03
17/10/2014,0.02
20/10/2014,0.02
21/10/2014,0.02
22/10/2014,0.02
23/10/2014,0.01
24/10/2014,0.01
27/10/2014,0.02
28/10/2014,0.02
29/10/2014,0.03
30/10/2014,0.01
31/10/2014,0.01
3/11/2014,0.02
4/11/2014,0.03
5/11/2014,0.03
6/11/2014,0.03
7/11/2014,0.03
10/11/2014,0.02
12/11/2014,0.02
13/11/2014,0.02
14/11/2014,0.02
17/11/2014,0.03
18/11/2014,0.02
19/11/2014,0.01
20/11/2014,0.02
21/11/2014,0.01
24/11/2014,0.02
25/11/2014,0.02
26/11/2014,0.02
28/11/2014,0.02
1/12/2014,0.03
2/12/2014,0.03
3/12/2014,0.01
4/12/2014,0.02
5/12/2014,0.02
8/12/2014,0.03
9/12/2014,0.04
10/12/2014,0.03
11/12/2014,0.03
12/12/2014,0.02
15/12/2014,0.04
16/12/2014,0.03
17/12/2014,0.03
18/12/2014,0.04
19/12/2014,0.04
22/12/2014,0.05
23/12/2014,0.03
24/12/2014,0.01
26/12/2014,0.01
29/12/2014,0.03
30/12/2014,0.03
31/12/2014,0.04
2/1/2015,0.02
5/1/2015,0.03
6/1/2015,0.03
7/1/2015,0.03
8/1/2015,0.03
9/1/2015,0.02
12/1/2015,0.03
13/1/2015,0.03
14/1/2015,0.04
15/1/2015,0.03
16/1/2015,0.03
20/1/2015,0.03
21/1/2015,0.03
22/1/2015,0.03
23/1/2015,0.02
26/1/2015,0.03
27/1/2015,0.02
28/1/2015,0.02
29/1/2015,0.03
30/1/2015,0.02
2/2/2015,0.02
3/2/2015,0.02
4/2/2015,0.01
5/2/2015,0.02
6/2/2015,0.02
9/2/2015,0.01
10/2/2015,0.01
11/2/2015,0.01
12/2/2015,0.02
13/2/2015,0.01
17/2/2015,0.02
18/2/2015,0.02
19/2/2015,0.02
20/2/2015,0.02
23/2/2015,0.02
24/2/2015,0.02
25/2/2015,0.02
26/2/2015,0.03
27/2/2015,0.02
2/3/2015,0.02
3/3/2015,0.02
4/3/2015,0.01
5/3/2015,0.02
6/3/2015,0.01
9/3/2015,0.02
10/3/2015,0.02
11/3/2015,0.03
12/3/2015,0.03
13/3/2015,0.03
16/3/2015,0.05
17/3/2015,0.05
18/3/2015,0.03
19/3/2015,0.03
20/3/2015,0.01
23/3/2015,0.03
24/3/2015,0.02
25/3/2015,0.04
26/3/2015,0.03
27/3/2015,0.04
30/3/2015,0.04
31/3/2015,0.03
1/4/2015,0.03
2/4/2015,0.02
3/4/2015,0.02
6/4/2015,0.03
7/4/2015,0.02
8/4/2015,0.03
9/4/2015,0.03
10/4/2015,0.02
13/4/2015,0.03
14/4/2015,0.02
15/4/2015,0.02
16/4/2015,0.02
17/4/2015,0.01
20/4/2015,0.03
21/4/2015,0.03
22/4/2015,0.03
23/4/2015,0.03
24/4/2015,0.03
27/4/2015,0.02
28/4/2015,0.02
29/4/2015,0.01
30/4/2015,0.01
1/5/2015,0.01
4/5/2015,0.02
5/5/2015,0.01
6/5/2015,0.02
7/5/2015,0.01
8/5/2015,0.01
11/5/2015,0.02
12/5/2015,0.03
13/5/2015,0.02
14/5/2015,0.01
15/5/2015,0.02
18/5/2015,0.02
19/5/2015,0.02
20/5/2015,0.02
21/5/2015,0.02
22/5/2015,0.02
26/5/2015,0.02
27/5/2015,0.01
28/5/2015,0.01
29/5/2015,0.01
1/6/2015,0.02
2/6/2015,0.01
3/6/2015,0.02
4/6/2015,0.02
5/6/2015,0.03
8/6/2015,0.02
9/6/2015,0.02
10/6/2015,0.02
11/6/2015,0.01
12/6/2015,0.02
15/6/2015,0.02
16/6/2015,0.01
17/6/2015,0.01
18/6/2015,0.01
19/6/2015,0.01
22/6/2015,0.01
23/6/2015,0.01
24/6/2015,0.01
25/6/2015,0.01
26/6/2015,0.01
29/6/2015,0.02
30/6/2015,0.01
1/7/2015,0.01
2/7/2015,0.01
6/7/2015,0.02
7/7/2015,0.02
8/7/2015,0.02
9/7/2015,0.03
10/7/2015,0.01
13/7/2015,0.02
14/7/2015,0.01
15/7/2015,0.02
16/7/2015,0.02
17/7/2015,0.03
20/7/2015,0.04
21/7/2015,0.03
22/7/2015,0.04
23/7/2015,0.03
24/7/2015,0.04
27/7/2015,0.05
28/7/2015,0.05
29/7/2015,0.06
30/7/2015,0.07
31/7/2015,0.08
3/8/2015,0.08
4/8/2015,0.08
5/8/2015,0.08
6/8/2015,0.04
7/8/2015,0.06
10/8/2015,0.12
11/8/2015,0.10
12/8/2015,0.10
13/8/2015,0.10
14/8/2015,0.09
17/8/2015,0.10
18/8/2015,0.07
19/8/2015,0.05
20/8/2015,0.02
21/8/2015,0.03
24/8/2015,0.06
25/8/2015,0.07
26/8/2015,0.06
27/8/2015,0.06
28/8/2015,0.06
31/8/2015,0.08
1/9/2015,0.03
2/9/2015,0.03
3/9/2015,0.02
4/9/2015,0.02
8/9/2015,0.06
9/9/2015,0.03
10/9/2015,0.02
11/9/2015,0.04
14/9/2015,0.07
15/9/2015,0.07
16/9/2015,0.06
17/9/2015,0.01
18/9/2015,0.00
21/9/2015,0.01
22/9/2015,0.00
23/9/2015,0.01
24/9/2015,0.01
25/9/2015,0.00
28/9/2015,0.01
29/9/2015,0.01
30/9/2015,0.00
1/10/2015,0.00
2/10/2015,0.00
5/10/2015,0.01
6/10/2015,0.00
7/10/2015,0.00
8/10/2015,0.00
9/10/2015,0.01
13/10/2015,0.01
14/10/2015,0.00
15/10/2015,0.01
16/10/2015,0.01
19/10/2015,0.02
20/10/2015,0.02
21/10/2015,0.01
22/10/2015,0.00
23/10/2015,0.01
26/10/2015,0.02
27/10/2015,0.03
28/10/2015,0.04
29/10/2015,0.07
30/10/2015,0.08
2/11/2015,0.08
3/11/2015,0.06
4/11/2015,0.05
5/11/2015,0.05
6/11/2015,0.08
9/11/2015,0.14
10/11/2015,0.13
12/11/2015,0.14
13/11/2015,0.14
16/11/2015,0.15
17/11/2015,0.14
18/11/2015,0.12
19/11/2015,0.11
20/11/2015,0.12
23/11/2015,0.14
24/11/2015,0.16
25/11/2015,0.19
27/11/2015,0.18
30/11/2015,0.22
1/12/2015,0.21
2/12/2015,0.21
3/12/2015,0.21
4/12/2015,0.23
7/12/2015,0.29
8/12/2015,0.27
9/12/2015,0.26
10/12/2015,0.24
11/12/2015,0.23
14/12/2015,0.26
15/12/2015,0.25
16/12/2015,0.27
17/12/2015,0.23
18/12/2015,0.19
21/12/2015,0.24
22/12/2015,0.21
23/12/2015,0.20
24/12/2015,0.20
28/12/2015,0.23
29/12/2015,0.23
30/12/2015,0.21
31/12/2015,0.16
4/1/2016,0.22
5/1/2016,0.20
6/1/2016,0.21
7/1/2016,0.20
8/1/2016,0.20
11/1/2016,0.21
12/1/2016,0.21
13/1/2016,0.22
14/1/2016,0.25
15/1/2016,0.24
19/1/2016,0.26
20/1/2016,0.26
21/1/2016,0.28
22/1/2016,0.31
25/1/2016,0.31
26/1/2016,0.31
27/1/2016,0.32
28/1/2016,0.35
29/1/2016,0.33
1/2/2016,0.35
2/2/2016,0.34
3/2/2016,0.33
4/2/2016,0.29
5/2/2016,0.30
8/2/2016,0.32
9/2/2016,0.30
10/2/2016,0.31
11/2/2016,0.28
12/2/2016,0.30
16/2/2016,0.30
17/2/2016,0.30
18/2/2016,0.30
19/2/2016,0.31
22/2/2016,0.33
23/2/2016,0.32
24/2/2016,0.33
25/2/2016,0.32
26/2/2016,0.33
29/2/2016,0.33
1/3/2016,0.33
2/3/2016,0.36
3/3/2016,0.28
4/3/2016,0.29
7/3/2016,0.32
8/3/2016,0.29
9/3/2016,0.30
10/3/2016,0.32
11/3/2016,0.33
14/3/2016,0.34
15/3/2016,0.34
16/3/2016,0.31
17/3/2016,0.29
18/3/2016,0.30
21/3/2016,0.31
22/3/2016,0.30
23/3/2016,0.30
24/3/2016,0.30
28/3/2016,0.29
29/3/2016,0.23
30/3/2016,0.20
31/3/2016,0.21
1/4/2016,0.23
4/4/2016,0.23
5/4/2016,0.23
6/4/2016,0.23
7/4/2016,0.23
8/4/2016,0.23
11/4/2016,0.23
12/4/2016,0.22
13/4/2016,0.23
14/4/2016,0.22
15/4/2016,0.22
18/4/2016,0.22
19/4/2016,0.21
20/4/2016,0.23
21/4/2016,0.23
22/4/2016,0.23
25/4/2016,0.25
26/4/2016,0.24
27/4/2016,0.24
28/4/2016,0.22
29/4/2016,0.22
2/5/2016,0.22
3/5/2016,0.21
4/5/2016,0.19
5/5/2016,0.20
6/5/2016,0.19
9/5/2016,0.24
10/5/2016,0.24
11/5/2016,0.26
12/5/2016,0.27
13/5/2016,0.29
16/5/2016,0.28
17/5/2016,0.28
18/5/2016,0.30
19/5/2016,0.31
20/5/2016,0.33
23/5/2016,0.35
24/5/2016,0.35
25/5/2016,0.33
26/5/2016,0.31
27/5/2016,0.32
31/5/2016,0.34
1/6/2016,0.30
2/6/2016,0.29
3/6/2016,0.30
6/6/2016,0.28
7/6/2016,0.28
8/6/2016,0.24
9/6/2016,0.26
10/6/2016,0.26
13/6/2016,0.27
14/6/2016,0.27
15/6/2016,0.26
16/6/2016,0.27
17/6/2016,0.27
20/6/2016,0.28
21/6/2016,0.27
22/6/2016,0.27
23/6/2016,0.31
24/6/2016,0.27
27/6/2016,0.27
28/6/2016,0.26
29/6/2016,0.26
30/6/2016,0.26
1/7/2016,0.28
5/7/2016,0.28
6/7/2016,0.27
7/7/2016,0.29
8/7/2016,0.28
11/7/2016,0.31
12/7/2016,0.29
13/7/2016,0.31
14/7/2016,0.32
15/7/2016,0.32
18/7/2016,0.32
19/7/2016,0.31
20/7/2016,0.32
21/7/2016,0.32
22/7/2016,0.33
25/7/2016,0.32
26/7/2016,0.31
27/7/2016,0.31
28/7/2016,0.25
29/7/2016,0.28
1/8/2016,0.29
2/8/2016,0.29
3/8/2016,0.28
4/8/2016,0.26
5/8/2016,0.28
8/8/2016,0.31
9/8/2016,0.29
10/8/2016,0.28
11/8/2016,0.28
12/8/2016,0.29
15/8/2016,0.31
16/8/2016,0.27
17/8/2016,0.30
18/8/2016,0.30
19/8/2016,0.30
22/8/2016,0.29
23/8/2016,0.30
24/8/2016,0.31
25/8/2016,0.33
26/8/2016,0.34
29/8/2016,0.33
30/8/2016,0.33
31/8/2016,0.33
1/9/2016,0.33
2/9/2016,0.33
6/9/2016,0.32
7/9/2016,0.34
8/9/2016,0.35
9/9/2016,0.35
12/9/2016,0.37
13/9/2016,0.36
14/9/2016,0.33
15/9/2016,0.29
16/9/2016,0.30
19/9/2016,0.30
20/9/2016,0.30
21/9/2016,0.22
22/9/2016,0.18
23/9/2016,0.18
26/9/2016,0.25
27/9/2016,0.26
28/9/2016,0.27
29/9/2016,0.26
30/9/2016,0.29
3/10/2016,0.32
4/10/2016,0.33
5/10/2016,0.32
6/10/2016,0.33
7/10/2016,0.33
11/10/2016,0.35
12/10/2016,0.37
13/10/2016,0.30
14/10/2016,0.32
17/10/2016,0.34
18/10/2016,0.34
19/10/2016,0.35
20/10/2016,0.35
21/10/2016,0.34
24/10/2016,0.33
25/10/2016,0.34
26/10/2016,0.33
27/10/2016,0.30
28/10/2016,0.30
31/10/2016,0.34
1/11/2016,0.35
2/11/2016,0.37
3/11/2016,0.38
4/11/2016,0.38
7/11/2016,0.41
8/11/2016,0.43
9/11/2016,0.45
10/11/2016,0.48
14/11/2016,0.55
15/11/2016,0.51
16/11/2016,0.47
17/11/2016,0.44
18/11/2016,0.44
21/11/2016,0.46
22/11/2016,0.49
23/11/2016,0.51
25/11/2016,0.49
28/11/2016,0.48
29/11/2016,0.48
30/11/2016,0.48
1/12/2016,0.48
2/12/2016,0.49
5/12/2016,0.49
6/12/2016,0.49
7/12/2016,0.52
8/12/2016,0.51
9/12/2016,0.54
12/12/2016,0.51
13/12/2016,0.54
14/12/2016,0.55
15/12/2016,0.51
16/12/2016,0.51
19/12/2016,0.52
20/12/2016,0.52
21/12/2016,0.52
22/12/2016,0.51
23/12/2016,0.52
27/12/2016,0.51
28/12/2016,0.53
29/12/2016,0.47
30/12/2016,0.51
3/1/2017,0.53
4/1/2017,0.53
5/1/2017,0.52
6/1/2017,0.53
9/1/2017,0.50
10/1/2017,0.52
11/1/2017,0.52
12/1/2017,0.52
13/1/2017,0.53
17/1/2017,0.55
18/1/2017,0.53
19/1/2017,0.52
20/1/2017,0.50
23/1/2017,0.51
24/1/2017,0.51
25/1/2017,0.50
26/1/2017,0.51
27/1/2017,0.52
30/1/2017,0.51
31/1/2017,0.52
1/2/2017,0.51
2/2/2017,0.52
3/2/2017,0.51
6/2/2017,0.53
7/2/2017,0.53
8/2/2017,0.54
9/2/2017,0.54
10/2/2017,0.55
13/2/2017,0.52
14/2/2017,0.54
15/2/2017,0.54
16/2/2017,0.53
17/2/2017,0.53
21/2/2017,0.53
22/2/2017,0.52
23/2/2017,0.51
24/2/2017,0.52
27/2/2017,0.50
28/2/2017,0.53
1/3/2017,0.63
2/3/2017,0.67
3/3/2017,0.71
6/3/2017,0.74
7/3/2017,0.76
8/3/2017,0.73
9/3/2017,0.73
10/3/2017,0.75
13/3/2017,0.79
14/3/2017,0.78
15/3/2017,0.73
16/3/2017,0.73
17/3/2017,0.73
20/3/2017,0.76
21/3/2017,0.77
22/3/2017,0.77
23/3/2017,0.76
24/3/2017,0.78
27/3/2017,0.78
28/3/2017,0.78
29/3/2017,0.78
30/3/2017,0.78
31/3/2017,0.76
3/4/2017,0.79
4/4/2017,0.79
5/4/2017,0.80
6/4/2017,0.79
7/4/2017,0.82
10/4/2017,0.82
11/4/2017,0.82
12/4/2017,0.81
13/4/2017,0.81
17/4/2017,0.83
18/4/2017,0.82
19/4/2017,0.81
20/4/2017,0.79
21/4/2017,0.79
24/4/2017,0.81
25/4/2017,0.82
26/4/2017,0.83
27/4/2017,0.81
28/4/2017,0.80
1/5/2017,0.83
2/5/2017,0.82
3/5/2017,0.85
4/5/2017,0.86
5/5/2017,0.90
8/5/2017,0.91
9/5/2017,0.91
10/5/2017,0.90
11/5/2017,0.89
12/5/2017,0.88
15/5/2017,0.90
16/5/2017,0.90
17/5/2017,0.90
18/5/2017,0.93
19/5/2017,0.92
22/5/2017,0.93
23/5/2017,0.92
24/5/2017,0.93
25/5/2017,0.94
26/5/2017,0.94
30/5/2017,0.93
31/5/2017,0.98
1/6/2017,0.98
2/6/2017,0.98
5/6/2017,0.96
6/6/2017,0.97
7/6/2017,1.00
8/6/2017,01.01
9/6/2017,01.01
12/6/2017,0.98
13/6/2017,1.00
14/6/2017,01.01
15/6/2017,01.02
16/6/2017,01.03
19/6/2017,01.02
20/6/2017,01.01
21/6/2017,0.99
22/6/2017,0.96
23/6/2017,0.97
26/6/2017,0.99
27/6/2017,1.00
28/6/2017,01.02
29/6/2017,01.04
30/6/2017,01.03
3/7/2017,01.06
5/7/2017,01.05
6/7/2017,01.04
7/7/2017,01.05
10/7/2017,01.04
11/7/2017,01.05
12/7/2017,01.05
13/7/2017,01.05
14/7/2017,01.04
17/7/2017,01.07
18/7/2017,01.07
19/7/2017,1.11
20/7/2017,1.15
21/7/2017,1.16
24/7/2017,1.17
25/7/2017,1.18
26/7/2017,1.13
27/7/2017,1.11
28/7/2017,01.08
31/7/2017,01.07
1/8/2017,01.08
2/8/2017,01.08
3/8/2017,01.08
4/8/2017,01.08
7/8/2017,01.02
8/8/2017,01.06
9/8/2017,01.06
10/8/2017,01.05
11/8/2017,01.03
14/8/2017,01.02
15/8/2017,01.04
16/8/2017,01.02
17/8/2017,1.00
18/8/2017,01.02
21/8/2017,1.00
22/8/2017,1.00
23/8/2017,1.00
24/8/2017,01.02
25/8/2017,01.03
28/8/2017,0.98
29/8/2017,01.03
30/8/2017,01.03
31/8/2017,01.01
1/9/2017,01.02
5/9/2017,01.03
6/9/2017,01.07
7/9/2017,01.05
8/9/2017,01.04
11/9/2017,01.05
12/9/2017,01.03
13/9/2017,01.04
14/9/2017,01.05
15/9/2017,01.05
18/9/2017,01.05
19/9/2017,01.04
20/9/2017,01.04
21/9/2017,01.04
22/9/2017,01.03
25/9/2017,01.05
26/9/2017,01.06
27/9/2017,01.07
28/9/2017,01.06
29/9/2017,01.06
2/10/2017,01.01
3/10/2017,01.07
4/10/2017,01.08
5/10/2017,01.07
6/10/2017,01.07
10/10/2017,01.08
11/10/2017,1.10
12/10/2017,01.09
13/10/2017,01.09
16/10/2017,1.10
17/10/2017,01.09
18/10/2017,01.09
19/10/2017,1.10
20/10/2017,1.11
23/10/2017,01.09
24/10/2017,1.12
25/10/2017,1.12
26/10/2017,1.11
27/10/2017,1.10
30/10/2017,1.12
31/10/2017,1.15
1/11/2017,1.18
2/11/2017,1.17
3/11/2017,1.18
6/11/2017,1.19
7/11/2017,1.22
8/11/2017,1.23
9/11/2017,1.24
10/11/2017,1.23
13/11/2017,1.24
14/11/2017,1.26
15/11/2017,1.25
16/11/2017,1.27
17/11/2017,1.29
20/11/2017,1.30
21/11/2017,1.30
22/11/2017,1.29
24/11/2017,1.29
27/11/2017,1.27
28/11/2017,1.30
29/11/2017,1.29
30/11/2017,1.27
1/12/2017,1.27
4/12/2017,1.29
5/12/2017,1.30
6/12/2017,1.30
7/12/2017,1.29
8/12/2017,1.28
11/12/2017,1.33
12/12/2017,1.34
13/12/2017,1.30
14/12/2017,1.32
15/12/2017,1.31
18/12/2017,1.38
19/12/2017,1.37
20/12/2017,1.38
21/12/2017,1.35
22/12/2017,1.33
26/12/2017,1.47
27/12/2017,1.44
28/12/2017,1.39
29/12/2017,1.39
2/1/2018,1.44
3/1/2018,1.41
4/1/2018,1.41
5/1/2018,1.39
8/1/2018,1.45
9/1/2018,1.44
10/1/2018,1.42
11/1/2018,1.43
12/1/2018,1.43
16/1/2018,1.45
17/1/2018,1.44
18/1/2018,1.45
19/1/2018,1.44
22/1/2018,1.44
23/1/2018,1.44
24/1/2018,1.43
25/1/2018,1.42
26/1/2018,1.41
29/1/2018,1.44
30/1/2018,1.44
31/1/2018,1.46
1/2/2018,1.48
2/2/2018,1.48
5/2/2018,1.51
6/2/2018,1.52
7/2/2018,1.55
8/2/2018,1.55
9/2/2018,1.55
12/2/2018,1.62
13/2/2018,1.59
14/2/2018,1.58
15/2/2018,1.58
16/2/2018,1.62
20/2/2018,1.66
21/2/2018,1.64
22/2/2018,1.63
23/2/2018,1.64
26/2/2018,1.66
27/2/2018,1.66
28/2/2018,1.65
1/3/2018,1.63
2/3/2018,1.65
5/3/2018,1.70
6/3/2018,1.68
7/3/2018,1.68
8/3/2018,1.67
9/3/2018,1.67
12/3/2018,1.71
13/3/2018,1.73
14/3/2018,1.76
15/3/2018,1.77
16/3/2018,1.78
19/3/2018,1.80
20/3/2018,1.81
21/3/2018,1.74
22/3/2018,1.72
23/3/2018,1.74
26/3/2018,1.79
27/3/2018,1.77
28/3/2018,1.73
29/3/2018,1.73
2/4/2018,1.77
3/4/2018,1.75
4/4/2018,1.71
5/4/2018,1.72
6/4/2018,1.73
9/4/2018,1.76
10/4/2018,1.74
11/4/2018,1.73
12/4/2018,1.75
13/4/2018,1.76
16/4/2018,1.79
17/4/2018,1.80
18/4/2018,1.81
19/4/2018,1.82
20/4/2018,1.81
23/4/2018,1.87
24/4/2018,1.87
25/4/2018,1.85
26/4/2018,1.82
27/4/2018,1.82
30/4/2018,1.87
1/5/2018,1.85
2/5/2018,1.84
3/5/2018,1.84
4/5/2018,1.84
7/5/2018,1.86
8/5/2018,1.87
9/5/2018,1.88
10/5/2018,1.90
11/5/2018,1.92
14/5/2018,1.93
15/5/2018,1.92
16/5/2018,1.92
17/5/2018,1.92
18/5/2018,1.91
21/5/2018,1.93
22/5/2018,1.93
23/5/2018,1.92
24/5/2018,1.91
25/5/2018,1.90
29/5/2018,1.93
30/5/2018,1.94
31/5/2018,1.93
1/6/2018,1.92
4/6/2018,1.94
5/6/2018,1.94
6/6/2018,1.95
7/6/2018,1.94
8/6/2018,1.93
11/6/2018,1.94
12/6/2018,1.92
13/6/2018,1.94
14/6/2018,1.94
15/6/2018,1.94
18/6/2018,1.94
19/6/2018,1.94
20/6/2018,1.94
21/6/2018,1.94
22/6/2018,1.93
25/6/2018,1.93
26/6/2018,1.93
27/6/2018,1.93
28/6/2018,1.93
29/6/2018,1.93
2/7/2018,1.98
3/7/2018,1.98
5/7/2018,1.96
6/7/2018,1.97
9/7/2018,1.98
10/7/2018,1.99
11/7/2018,1.97
12/7/2018,1.98
13/7/2018,1.98
16/7/2018,02.01
17/7/2018,02.02
18/7/2018,2.00
19/7/2018,2.00
20/7/2018,1.99
23/7/2018,1.99
24/7/2018,02.02
25/7/2018,02.01
26/7/2018,1.99
27/7/2018,2.00
30/7/2018,02.04
31/7/2018,02.03
1/8/2018,02.03
2/8/2018,02.02
3/8/2018,02.01
6/8/2018,02.05
7/8/2018,02.06
8/8/2018,02.06
9/8/2018,02.06
10/8/2018,02.05
13/8/2018,02.06
14/8/2018,02.08
15/8/2018,02.07
16/8/2018,02.07
17/8/2018,02.05
20/8/2018,02.06
21/8/2018,02.08
22/8/2018,02.09
23/8/2018,02.08
24/8/2018,02.09
27/8/2018,2.12
28/8/2018,2.13
29/8/2018,2.13
30/8/2018,2.11
31/8/2018,2.11
4/9/2018,2.13
5/9/2018,2.14
6/9/2018,2.13
7/9/2018,2.14
10/9/2018,2.14
11/9/2018,2.15
12/9/2018,2.16
13/9/2018,2.15
14/9/2018,2.16
17/9/2018,2.16
18/9/2018,2.17
19/9/2018,2.16
20/9/2018,2.17
21/9/2018,2.18
24/9/2018,2.22
25/9/2018,2.21
26/9/2018,2.20
27/9/2018,2.18
28/9/2018,2.19
1/10/2018,2.23
2/10/2018,2.23
3/10/2018,2.23
4/10/2018,2.22
5/10/2018,2.23
9/10/2018,2.25
10/10/2018,2.27
11/10/2018,2.27
12/10/2018,2.28
15/10/2018,2.31
16/10/2018,2.30
17/10/2018,2.31
18/10/2018,2.32
19/10/2018,2.31
22/10/2018,2.34
23/10/2018,2.33
24/10/2018,2.34
25/10/2018,2.34
26/10/2018,2.33
29/10/2018,2.34
30/10/2018,2.33
31/10/2018,2.34
1/11/2018,2.32
2/11/2018,2.33
5/11/2018,2.36
6/11/2018,2.35
7/11/2018,2.37
8/11/2018,2.35
9/11/2018,2.36
13/11/2018,2.38
14/11/2018,2.38
15/11/2018,2.37
16/11/2018,2.36
19/11/2018,2.38
20/11/2018,2.39
21/11/2018,2.41
23/11/2018,2.41
26/11/2018,2.41
27/11/2018,2.41
28/11/2018,2.40
29/11/2018,2.37
30/11/2018,2.37
3/12/2018,2.38
4/12/2018,2.42
6/12/2018,2.41
7/12/2018,2.40
10/12/2018,2.41
11/12/2018,2.41
12/12/2018,2.43
13/12/2018,2.43
14/12/2018,2.42
17/12/2018,2.40
18/12/2018,2.39
19/12/2018,2.40
20/12/2018,2.39
21/12/2018,2.39
24/12/2018,2.45
26/12/2018,2.44
27/12/2018,2.41
28/12/2018,2.40
31/12/2018,2.45
2/1/2019,2.42
3/1/2019,2.41
4/1/2019,2.42
7/1/2019,2.45
8/1/2019,2.46
9/1/2019,2.45
10/1/2019,2.43
11/1/2019,2.43
14/1/2019,2.45
15/1/2019,2.45
16/1/2019,2.43
17/1/2019,2.42
18/1/2019,2.41
22/1/2019,2.43
23/1/2019,2.41
24/1/2019,2.37
25/1/2019,2.39
28/1/2019,2.42
29/1/2019,2.42
30/1/2019,2.42
31/1/2019,2.41
1/2/2019,2.40
4/2/2019,2.42
5/2/2019,2.42
6/2/2019,2.42
7/2/2019,2.42
8/2/2019,2.43
11/2/2019,2.45
12/2/2019,2.43
13/2/2019,2.44
14/2/2019,2.43
15/2/2019,2.43
19/2/2019,2.45
20/2/2019,2.45
21/2/2019,2.45
22/2/2019,2.46
25/2/2019,2.47
26/2/2019,2.45
27/2/2019,2.45
28/2/2019,2.45
1/3/2019,2.44
4/3/2019,2.46
5/3/2019,2.46
6/3/2019,2.47
7/3/2019,2.45
8/3/2019,2.46
11/3/2019,2.46
12/3/2019,2.46
13/3/2019,2.45
14/3/2019,2.45
15/3/2019,2.45
18/3/2019,2.44
19/3/2019,2.46
20/3/2019,2.48
21/3/2019,2.49
22/3/2019,2.46
25/3/2019,2.46
26/3/2019,2.46
27/3/2019,2.44
28/3/2019,2.43
29/3/2019,2.40
1/4/2019,2.43
2/4/2019,2.42
3/4/2019,2.44
4/4/2019,2.44
5/4/2019,2.44
8/4/2019,2.43
9/4/2019,2.42
10/4/2019,2.43
11/4/2019,2.43
12/4/2019,2.44
15/4/2019,2.43
16/4/2019,2.43
17/4/2019,2.44
18/4/2019,2.42
22/4/2019,2.44
23/4/2019,2.45
24/4/2019,2.44
25/4/2019,2.43
26/4/2019,2.42
29/4/2019,2.44
30/4/2019,2.43
1/5/2019,2.43
2/5/2019,2.47
3/5/2019,2.43
6/5/2019,2.44
7/5/2019,2.43
8/5/2019,2.43
9/5/2019,2.43
10/5/2019,2.43
13/5/2019,2.41
14/5/2019,2.41
15/5/2019,2.42
16/5/2019,2.40
17/5/2019,2.39
20/5/2019,2.39
21/5/2019,2.39
22/5/2019,2.38
23/5/2019,2.37
24/5/2019,2.35
28/5/2019,2.37
29/5/2019,2.37
30/5/2019,2.38
31/5/2019,2.35
3/6/2019,2.35
4/6/2019,2.35
5/6/2019,2.35
6/6/2019,2.33
7/6/2019,2.28
10/6/2019,2.29
11/6/2019,2.27
12/6/2019,2.24
13/6/2019,2.19
14/6/2019,2.20
17/6/2019,2.23
18/6/2019,2.22
19/6/2019,2.18
20/6/2019,2.14
21/6/2019,2.11
24/6/2019,2.13
25/6/2019,2.12
26/6/2019,2.15
27/6/2019,2.14
28/6/2019,2.12
1/7/2019,2.21
2/7/2019,2.20
3/7/2019,2.21
5/7/2019,2.23
8/7/2019,2.26
9/7/2019,2.26
10/7/2019,2.20
11/7/2019,2.17
12/7/2019,2.14
15/7/2019,2.16
16/7/2019,2.15
17/7/2019,2.14
18/7/2019,02.05
19/7/2019,02.06
22/7/2019,02.09
23/7/2019,02.06
24/7/2019,2.10
25/7/2019,2.10
26/7/2019,2.12
29/7/2019,2.12
30/7/2019,02.08
31/7/2019,02.08
1/8/2019,02.07
2/8/2019,02.06
5/8/2019,02.05
6/8/2019,02.05
7/8/2019,02.02
8/8/2019,02.02
9/8/2019,2.00
12/8/2019,2.00
13/8/2019,2.00
14/8/2019,1.96
15/8/2019,1.91
16/8/2019,1.87
19/8/2019,1.94
20/8/2019,1.94
21/8/2019,1.97
22/8/2019,2.00
23/8/2019,1.97
26/8/2019,02.01
27/8/2019,1.98
28/8/2019,1.99
29/8/2019,1.99
30/8/2019,1.99
3/9/2019,1.98
4/9/2019,1.97
5/9/2019,1.97
6/9/2019,1.96
9/9/2019,1.96
10/9/2019,1.95
11/9/2019,1.96
12/9/2019,1.95
13/9/2019,1.96
16/9/2019,1.99
17/9/2019,1.99
18/9/2019,1.95
19/9/2019,1.93
20/9/2019,1.91
23/9/2019,1.94
24/9/2019,1.92
25/9/2019,1.89
26/9/2019,1.83
27/9/2019,1.80
30/9/2019,1.88
1/10/2019,1.82
2/10/2019,1.79
3/10/2019,1.70
4/10/2019,1.71
7/10/2019,1.75
8/10/2019,1.72
9/10/2019,1.69
10/10/2019,1.68
11/10/2019,1.68
15/10/2019,1.67
16/10/2019,1.66
17/10/2019,1.66
18/10/2019,1.66
21/10/2019,1.67
22/10/2019,1.65
23/10/2019,1.65
24/10/2019,1.67
25/10/2019,1.66
28/10/2019,1.65
29/10/2019,1.63
30/10/2019,1.62
31/10/2019,1.54
1/11/2019,1.52
4/11/2019,1.53
5/11/2019,1.56
6/11/2019,1.56
7/11/2019,1.56
8/11/2019,1.55
12/11/2019,1.59
13/11/2019,1.57
14/11/2019,1.57
15/11/2019,1.57
18/11/2019,1.57
19/11/2019,1.57
20/11/2019,1.57
21/11/2019,1.58
22/11/2019,1.58
25/11/2019,1.61
26/11/2019,1.60
27/11/2019,1.62
29/11/2019,1.59
2/12/2019,1.60
3/12/2019,1.57
4/12/2019,1.55
5/12/2019,1.54
6/12/2019,1.53
9/12/2019,1.54
10/12/2019,1.56
11/12/2019,1.57
12/12/2019,1.56
13/12/2019,1.57
16/12/2019,1.57
17/12/2019,1.56
18/12/2019,1.56
19/12/2019,1.57
20/12/2019,1.58
23/12/2019,1.59
24/12/2019,1.58
26/12/2019,1.58
27/12/2019,1.57
30/12/2019,1.57
31/12/2019,1.55
2/1/2020,1.54
3/1/2020,1.52
6/1/2020,1.56
7/1/2020,1.54
8/1/2020,1.54
9/1/2020,1.54
10/1/2020,1.54
13/1/2020,1.57
14/1/2020,1.57
15/1/2020,1.57
16/1/2020,1.55
17/1/2020,1.56
21/1/2020,1.56
22/1/2020,1.55
23/1/2020,1.55
24/1/2020,1.54
27/1/2020,1.55
28/1/2020,1.57
29/1/2020,1.56
30/1/2020,1.57
31/1/2020,1.55
3/2/2020,1.57
4/2/2020,1.57
5/2/2020,1.57
6/2/2020,1.57
7/2/2020,1.56
10/2/2020,1.58
11/2/2020,1.57
12/2/2020,1.58
13/2/2020,1.59
14/2/2020,1.58
18/2/2020,1.58
19/2/2020,1.58
20/2/2020,1.58
21/2/2020,1.56
24/2/2020,1.53
25/2/2020,1.53
26/2/2020,1.53
27/2/2020,1.45
28/2/2020,1.27
2/3/2020,1.13
3/3/2020,0.95
4/3/2020,0.72
5/3/2020,0.62
6/3/2020,0.45
9/3/2020,0.33
10/3/2020,0.44
11/3/2020,0.42
12/3/2020,0.33
13/3/2020,0.28
16/3/2020,0.24
17/3/2020,0.19
18/3/2020,0.02
19/3/2020,0.04
20/3/2020,0.05
23/3/2020,0.02
24/3/2020,0.01
25/3/2020,0.00
26/3/2020,0.00
27/3/2020,0.03
30/3/2020,0.12
31/3/2020,0.11
1/4/2020,0.09
2/4/2020,0.09
3/4/2020,0.10
6/4/2020,0.15
7/4/2020,0.14
8/4/2020,0.22
9/4/2020,0.25
13/4/2020,0.26
14/4/2020,0.20
15/4/2020,0.14
16/4/2020,0.14
17/4/2020,0.12
20/4/2020,0.12
21/4/2020,0.11
22/4/2020,0.12
23/4/2020,0.11
24/4/2020,0.12
27/4/2020,0.12
28/4/2020,0.11
29/4/2020,0.10
30/4/2020,0.09
1/5/2020,0.12
4/5/2020,0.13
5/5/2020,0.13
6/5/2020,0.12
7/5/2020,0.11
8/5/2020,0.12
11/5/2020,0.12
12/5/2020,0.13
13/5/2020,0.13
14/5/2020,0.12
15/5/2020,0.12
18/5/2020,0.13
19/5/2020,0.13
20/5/2020,0.12
21/5/2020,0.12
22/5/2020,0.12
26/5/2020,0.14
27/5/2020,0.15
28/5/2020,0.15
29/5/2020,0.14
1/6/2020,0.14
2/6/2020,0.15
3/6/2020,0.16
4/6/2020,0.15
5/6/2020,0.15
8/6/2020,0.17
9/6/2020,0.19
10/6/2020,0.17
11/6/2020,0.17
12/6/2020,0.16
15/6/2020,0.18
16/6/2020,0.17
17/6/2020,0.17
18/6/2020,0.16
19/6/2020,0.15
22/6/2020,0.16
23/6/2020,0.16
24/6/2020,0.15
25/6/2020,0.16
26/6/2020,0.14
29/6/2020,0.14
30/6/2020,0.16
1/7/2020,0.14
2/7/2020,0.14
6/7/2020,0.15
7/7/2020,0.15
8/7/2020,0.15
9/7/2020,0.13
10/7/2020,0.13
13/7/2020,0.14
14/7/2020,0.15
15/7/2020,0.16
16/7/2020,0.11
17/7/2020,0.11
20/7/2020,0.13
21/7/2020,0.13
22/7/2020,0.13
23/7/2020,0.12
24/7/2020,0.11
27/7/2020,0.11
28/7/2020,0.11
29/7/2020,0.11
30/7/2020,0.09
31/7/2020,0.09
3/8/2020,0.10
4/8/2020,0.09
5/8/2020,0.10
6/8/2020,0.10
7/8/2020,0.10
10/8/2020,0.11
11/8/2020,0.11
12/8/2020,0.11
13/8/2020,0.10
14/8/2020,0.10
17/8/2020,0.10
18/8/2020,0.09
19/8/2020,0.11
20/8/2020,0.11
21/8/2020,0.10
24/8/2020,0.12
25/8/2020,0.11
26/8/2020,0.11
27/8/2020,0.11
28/8/2020,0.10
31/8/2020,0.11
1/9/2020,0.12
2/9/2020,0.12
3/9/2020,0.11
4/9/2020,0.11
8/9/2020,0.13
9/9/2020,0.12
10/9/2020,0.12
11/9/2020,0.11
14/9/2020,0.11
15/9/2020,0.11
16/9/2020,0.12
17/9/2020,0.09
18/9/2020,0.10
21/9/2020,0.10
22/9/2020,0.10
23/9/2020,0.11
24/9/2020,0.10
25/9/2020,0.10
28/9/2020,0.11
29/9/2020,0.09
30/9/2020,0.10
1/10/2020,0.09
2/10/2020,0.09
5/10/2020,0.10
6/10/2020,0.10
7/10/2020,0.10
8/10/2020,0.09
9/10/2020,0.10
13/10/2020,0.11
14/10/2020,0.12
15/10/2020,0.11
16/10/2020,0.11
19/10/2020,0.11
20/10/2020,0.10
21/10/2020,0.10
22/10/2020,0.09
23/10/2020,0.10
26/10/2020,0.11
27/10/2020,0.10
28/10/2020,0.10
29/10/2020,0.09
30/10/2020,0.09
2/11/2020,0.09
3/11/2020,0.10
4/11/2020,0.10
5/11/2020,0.10
6/11/2020,0.10
9/11/2020,0.11
10/11/2020,0.10
12/11/2020,0.10
13/11/2020,0.09
16/11/2020,0.09
17/11/2020,0.09
18/11/2020,0.09
19/11/2020,0.07
20/11/2020,0.07
23/11/2020,0.08
24/11/2020,0.09
25/11/2020,0.09
27/11/2020,0.09
30/11/2020,0.08
1/12/2020,0.09
2/12/2020,0.09
3/12/2020,0.08
4/12/2020,0.09
7/12/2020,0.08
8/12/2020,0.09
9/12/2020,0.08
10/12/2020,0.08
11/12/2020,0.08
14/12/2020,0.09
15/12/2020,0.08
16/12/2020,0.09
17/12/2020,0.08
18/12/2020,0.08
21/12/2020,0.09
22/12/2020,0.09
23/12/2020,0.09
24/12/2020,0.09
28/12/2020,0.11
29/12/2020,0.10
30/12/2020,0.08
31/12/2020,0.09
4/1/2021,0.09
5/1/2021,0.09
6/1/2021,0.09
7/1/2021,0.09
8/1/2021,0.08
11/1/2021,0.08
12/1/2021,0.09
13/1/2021,0.09
14/1/2021,0.09
15/1/2021,0.09
19/1/2021,0.09
20/1/2021,0.08
21/1/2021,0.09
22/1/2021,0.08
25/1/2021,0.09
26/1/2021,0.07
27/1/2021,0.08
28/1/2021,0.07
29/1/2021,0.06
1/2/2021,0.07
2/2/2021,0.07
3/2/2021,0.04
4/2/2021,0.04
5/2/2021,0.03
8/2/2021,0.05
9/2/2021,0.04
10/2/2021,0.05
11/2/2021,0.05
12/2/2021,0.04
16/2/2021,0.04
17/2/2021,0.04
18/2/2021,0.03
19/2/2021,0.04
22/2/2021,0.03
23/2/2021,0.04
24/2/2021,0.03
25/2/2021,0.04
26/2/2021,0.04
1/3/2021,0.05
2/3/2021,0.04
3/3/2021,0.05
4/3/2021,0.04
5/3/2021,0.04
8/3/2021,0.05
9/3/2021,0.05
10/3/2021,0.04
11/3/2021,0.04
12/3/2021,0.04
15/3/2021,0.04
16/3/2021,0.02
17/3/2021,0.02
18/3/2021,0.01
19/3/2021,0.01
22/3/2021,0.03
23/3/2021,0.01
24/3/2021,0.02
25/3/2021,0.02
26/3/2021,0.02
29/3/2021,0.03
30/3/2021,0.02
31/3/2021,0.03
1/4/2021,0.02
2/4/2021,0.02
5/4/2021,0.03
6/4/2021,0.02
7/4/2021,0.02
8/4/2021,0.01
9/4/2021,0.02
12/4/2021,0.02
13/4/2021,0.03
14/4/2021,0.02
15/4/2021,0.02
16/4/2021,0.02
19/4/2021,0.02
20/4/2021,0.03
21/4/2021,0.03
22/4/2021,0.03
23/4/2021,0.03
26/4/2021,0.03
27/4/2021,0.01
28/4/2021,0.01
29/4/2021,0.01
30/4/2021,0.01
3/5/2021,0.04
4/5/2021,0.02
5/5/2021,0.02
6/5/2021,0.02
7/5/2021,0.02
10/5/2021,0.02
11/5/2021,0.01
12/5/2021,0.02
13/5/2021,0.02
14/5/2021,0.01
17/5/2021,0.02
18/5/2021,0.02
19/5/2021,0.01
20/5/2021,0.01
21/5/2021,0.01
24/5/2021,0.02
25/5/2021,0.02
26/5/2021,0.02
27/5/2021,0.02
28/5/2021,0.01
1/6/2021,0.02
2/6/2021,0.02
3/6/2021,0.02
4/6/2021,0.02
7/6/2021,0.02
8/6/2021,0.02
9/6/2021,0.03
10/6/2021,0.03
11/6/2021,0.03
14/6/2021,0.03
15/6/2021,0.03
16/6/2021,0.04
17/6/2021,0.04
18/6/2021,0.05
21/6/2021,0.05
22/6/2021,0.04
23/6/2021,0.05
24/6/2021,0.05
25/6/2021,0.06
28/6/2021,0.05
29/6/2021,0.04
30/6/2021,0.05
1/7/2021,0.05
2/7/2021,0.05
6/7/2021,0.05
7/7/2021,0.05
8/7/2021,0.06
9/7/2021,0.06
12/7/2021,0.05
13/7/2021,0.05
14/7/2021,0.06
15/7/2021,0.05
16/7/2021,0.05
19/7/2021,0.05
20/7/2021,0.05
21/7/2021,0.05
22/7/2021,0.05
23/7/2021,0.05
26/7/2021,0.05
27/7/2021,0.05
28/7/2021,0.05
29/7/2021,0.06
30/7/2021,0.06
2/8/2021,0.05
3/8/2021,0.05
4/8/2021,0.05
5/8/2021,0.05
6/8/2021,0.06
9/8/2021,0.06
10/8/2021,0.05
11/8/2021,0.05
12/8/2021,0.06
13/8/2021,0.06
16/8/2021,0.06
17/8/2021,0.07
18/8/2021,0.07
19/8/2021,0.06
20/8/2021,0.05
23/8/2021,0.05
24/8/2021,0.05
25/8/2021,0.06
26/8/2021,0.05
27/8/2021,0.05
30/8/2021,0.05
31/8/2021,0.04
1/9/2021,0.05
2/9/2021,0.05
3/9/2021,0.05
7/9/2021,0.05
8/9/2021,0.05
9/9/2021,0.04
10/9/2021,0.05
13/9/2021,0.06
14/9/2021,0.04
15/9/2021,0.04
16/9/2021,0.04
17/9/2021,0.04
20/9/2021,0.04
21/9/2021,0.03
22/9/2021,0.03
23/9/2021,0.03
24/9/2021,0.03
27/9/2021,0.04
28/9/2021,0.04
29/9/2021,0.04
30/9/2021,0.04
1/10/2021,0.04
4/10/2021,0.04
5/10/2021,0.04
6/10/2021,0.04
7/10/2021,0.05
8/10/2021,0.05
12/10/2021,0.06
13/10/2021,0.05
14/10/2021,0.05
15/10/2021,0.05
18/10/2021,0.06
19/10/2021,0.05
20/10/2021,0.05
21/10/2021,0.06
22/10/2021,0.06
25/10/2021,0.06
26/10/2021,0.06
27/10/2021,0.06
28/10/2021,0.06
29/10/2021,0.05
1/11/2021,0.05
2/11/2021,0.05
3/11/2021,0.05
4/11/2021,0.04
5/11/2021,0.05
8/11/2021,0.06
9/11/2021,0.04
10/11/2021,0.05
12/11/2021,0.05
15/11/2021,0.05
16/11/2021,0.05
17/11/2021,0.05
18/11/2021,0.05
19/11/2021,0.05
22/11/2021,0.05
23/11/2021,0.06
24/11/2021,0.06
26/11/2021,0.06
29/11/2021,0.06
30/11/2021,0.05
1/12/2021,0.06
2/12/2021,0.05
3/12/2021,0.06
6/12/2021,0.05
7/12/2021,0.06
8/12/2021,0.07
9/12/2021,0.06
10/12/2021,0.06
13/12/2021,0.05
14/12/2021,0.05
15/12/2021,0.05
16/12/2021,0.05
17/12/2021,0.05
20/12/2021,0.07
21/12/2021,0.07
22/12/2021,0.08
23/12/2021,0.07
27/12/2021,0.06
28/12/2021,0.06
29/12/2021,0.05
30/12/2021,0.05
31/12/2021,0.06
3/1/2022,0.08
4/1/2022,0.08
5/1/2022,0.09
6/1/2022,0.10
7/1/2022,0.10
10/1/2022,0.13
11/1/2022,0.11
12/1/2022,0.12
13/1/2022,0.12
14/1/2022,0.13
18/1/2022,0.16
19/1/2022,0.17
20/1/2022,0.17
21/1/2022,0.17
24/1/2022,0.19
25/1/2022,0.19
26/1/2022,0.19
27/1/2022,0.20
28/1/2022,0.19
31/1/2022,0.22
1/2/2022,0.19
2/2/2022,0.19
3/2/2022,0.20
4/2/2022,0.23
7/2/2022,0.27
8/2/2022,0.25
9/2/2022,0.26
10/2/2022,0.40
11/2/2022,0.36
14/2/2022,0.43
15/2/2022,0.40
16/2/2022,0.38
17/2/2022,0.36
18/2/2022,0.35
22/2/2022,0.37
23/2/2022,0.34
24/2/2022,0.32
25/2/2022,0.33
28/2/2022,0.35
1/3/2022,0.32
2/3/2022,0.34
3/3/2022,0.38
4/3/2022,0.34
7/3/2022,0.38
8/3/2022,0.36
9/3/2022,0.38
10/3/2022,0.39
11/3/2022,0.40
14/3/2022,0.45
15/3/2022,0.46
16/3/2022,0.44
17/3/2022,0.40
18/3/2022,0.42
21/3/2022,0.54
22/3/2022,0.51
23/3/2022,0.50
24/3/2022,0.52
25/3/2022,0.55
28/3/2022,0.59
29/3/2022,0.55
30/3/2022,0.55
31/3/2022,0.52
1/4/2022,0.53
4/4/2022,0.66
5/4/2022,0.65
6/4/2022,0.67
7/4/2022,0.68
8/4/2022,0.70
11/4/2022,0.77
12/4/2022,0.74
13/4/2022,0.75
14/4/2022,0.79
18/4/2022,0.81
19/4/2022,0.81
20/4/2022,0.82
21/4/2022,0.83
22/4/2022,0.83
25/4/2022,0.91
26/4/2022,0.83
27/4/2022,0.82
28/4/2022,0.82
29/4/2022,0.85
2/5/2022,0.90
3/5/2022,0.91
4/5/2022,0.89
5/5/2022,0.85
6/5/2022,0.85
9/5/2022,0.92
10/5/2022,0.89
11/5/2022,0.91
12/5/2022,0.96
13/5/2022,01.03
16/5/2022,01.07
17/5/2022,01.06
18/5/2022,01.03
19/5/2022,01.05
20/5/2022,01.03
23/5/2022,01.07
24/5/2022,01.06
25/5/2022,01.06
26/5/2022,01.07
27/5/2022,01.08
31/5/2022,1.16
1/6/2022,1.15
2/6/2022,1.17
3/6/2022,1.21
6/6/2022,1.26
7/6/2022,1.26
8/6/2022,1.28
9/6/2022,1.30
10/6/2022,1.39
13/6/2022,1.73
14/6/2022,1.83
15/6/2022,1.74
16/6/2022,1.59
17/6/2022,1.63
21/6/2022,1.70
22/6/2022,1.61
23/6/2022,1.65
24/6/2022,1.73
27/6/2022,1.79
28/6/2022,1.79
29/6/2022,1.78
30/6/2022,1.72
1/7/2022,1.73
5/7/2022,1.90
6/7/2022,1.90
7/7/2022,1.95
8/7/2022,1.98
11/7/2022,2.18
12/7/2022,2.22
13/7/2022,2.39
14/7/2022,2.40
15/7/2022,2.37
18/7/2022,2.50
19/7/2022,2.52
20/7/2022,2.51
21/7/2022,2.48
22/7/2022,2.49
25/7/2022,2.62
26/7/2022,2.55
27/7/2022,2.44
28/7/2022,2.42
29/7/2022,2.41
1/8/2022,2.56
2/8/2022,2.56
3/8/2022,2.52
4/8/2022,2.50
5/8/2022,2.58
8/8/2022,2.65
9/8/2022,2.67
10/8/2022,2.65
11/8/2022,2.62
12/8/2022,2.63
15/8/2022,2.72
16/8/2022,2.70
17/8/2022,2.68
18/8/2022,2.71
19/8/2022,2.74
22/8/2022,2.82
23/8/2022,2.80
24/8/2022,2.82
25/8/2022,2.88
26/8/2022,2.89
29/8/2022,2.97
30/8/2022,2.97
31/8/2022,2.96
1/9/2022,2.97
2/9/2022,2.94
6/9/2022,03.04
7/9/2022,03.07
8/9/2022,03.06
9/9/2022,03.08
12/9/2022,3.17
13/9/2022,3.28
14/9/2022,3.24
15/9/2022,3.22
16/9/2022,3.20
19/9/2022,3.37
20/9/2022,3.35
21/9/2022,3.31
22/9/2022,3.29
23/9/2022,3.24
26/9/2022,3.39
27/9/2022,3.35
28/9/2022,3.40
29/9/2022,3.36
30/9/2022,3.33
3/10/2022,3.46
4/10/2022,3.45
5/10/2022,3.46
6/10/2022,3.46
7/10/2022,3.45
11/10/2022,3.67
12/10/2022,3.70
13/10/2022,3.79
14/10/2022,3.81
17/10/2022,3.97
18/10/2022,04.04
19/10/2022,04.07
20/10/2022,04.09
21/10/2022,04.09
24/10/2022,4.16
25/10/2022,4.14
26/10/2022,4.11
27/10/2022,4.13
28/10/2022,4.18
31/10/2022,4.22
1/11/2022,4.23
2/11/2022,4.22
3/11/2022,4.25
4/11/2022,4.21
7/11/2022,4.29
8/11/2022,4.28
9/11/2022,4.29
10/11/2022,4.28
14/11/2022,4.34
15/11/2022,4.31
16/11/2022,4.32
17/11/2022,4.32
18/11/2022,4.34
21/11/2022,4.41
22/11/2022,4.40
23/11/2022,4.40
25/11/2022,4.41
28/11/2022,4.41
29/11/2022,4.38
30/11/2022,4.37
1/12/2022,4.33
2/12/2022,4.34
5/12/2022,4.36
6/12/2022,4.37
7/12/2022,4.29
8/12/2022,4.28
9/12/2022,4.31
12/12/2022,4.38
13/12/2022,4.35
14/12/2022,4.33
15/12/2022,4.34
16/12/2022,4.31
19/12/2022,4.37
20/12/2022,4.35
21/12/2022,4.33
22/12/2022,4.35
23/12/2022,4.34
27/12/2022,4.46
28/12/2022,4.46
29/12/2022,4.45
30/12/2022,4.42
3/1/2023,4.53
4/1/2023,4.55
5/1/2023,4.66
6/1/2023,4.67
9/1/2023,4.70
10/1/2023,4.73
11/1/2023,4.72
12/1/2023,4.66
13/1/2023,4.67
17/1/2023,4.71
18/1/2023,4.69
19/1/2023,4.71
20/1/2023,4.72
23/1/2023,4.73
24/1/2023,4.72
25/1/2023,4.72
26/1/2023,4.71
27/1/2023,4.73
30/1/2023,4.72
31/1/2023,4.70
1/2/2023,4.66
2/2/2023,4.66
3/2/2023,4.70
6/2/2023,4.71
7/2/2023,4.71
8/2/2023,4.72
9/2/2023,4.77
10/2/2023,4.79
13/2/2023,4.81
14/2/2023,4.80
15/2/2023,4.79
16/2/2023,4.84
17/2/2023,4.84
21/2/2023,4.86
22/2/2023,4.84
23/2/2023,4.84
24/2/2023,4.86
27/2/2023,4.89
28/2/2023,4.88
1/3/2023,4.90
2/3/2023,4.91
3/3/2023,4.91
6/3/2023,4.93
7/3/2023,05.04
8/3/2023,05.06
9/3/2023,05.05
10/3/2023,05.01
13/3/2023,4.87
14/3/2023,4.88
15/3/2023,4.75
16/3/2023,4.74
17/3/2023,4.52
20/3/2023,4.81
21/3/2023,4.78
22/3/2023,4.79
23/3/2023,4.73
24/3/2023,4.74
27/3/2023,4.91
28/3/2023,4.80
29/3/2023,4.80
30/3/2023,4.97
31/3/2023,4.85
3/4/2023,4.90
4/4/2023,4.88
5/4/2023,4.86
6/4/2023,4.91
7/4/2023,4.95
10/4/2023,05.08
11/4/2023,05.04
12/4/2023,05.02
13/4/2023,5.10
14/4/2023,5.14
17/4/2023,5.21
18/4/2023,5.20
19/4/2023,5.16
20/4/2023,5.12
21/4/2023,5.14
24/4/2023,5.20
25/4/2023,5.12
26/4/2023,5.16
27/4/2023,5.18
28/4/2023,5.10
1/5/2023,5.27
2/5/2023,5.24
3/5/2023,5.26
4/5/2023,5.26
5/5/2023,5.26
8/5/2023,5.31
9/5/2023,5.29
10/5/2023,5.24
11/5/2023,5.20
12/5/2023,5.25
15/5/2023,5.21
16/5/2023,5.23
17/5/2023,5.26
18/5/2023,5.31
19/5/2023,5.29
22/5/2023,5.40
23/5/2023,5.34
24/5/2023,5.37
25/5/2023,5.38
26/5/2023,5.34
30/5/2023,5.55
31/5/2023,5.52
1/6/2023,5.50
2/6/2023,5.50
5/6/2023,5.46
6/6/2023,5.44
7/6/2023,5.42
8/6/2023,5.38
9/6/2023,5.37
12/6/2023,5.40
13/6/2023,5.36
14/6/2023,5.36
15/6/2023,5.33
16/6/2023,5.34
20/6/2023,5.39
21/6/2023,5.40
22/6/2023,5.40
23/6/2023,5.41
26/6/2023,5.50
27/6/2023,5.44
28/6/2023,5.44
29/6/2023,5.46
30/6/2023,5.43
3/7/2023,5.44
5/7/2023,5.44
6/7/2023,5.46
7/7/2023,5.46
10/7/2023,5.48
11/7/2023,5.49
12/7/2023,5.47
13/7/2023,5.47
14/7/2023,5.49
17/7/2023,5.49
18/7/2023,5.49
19/7/2023,5.49
20/7/2023,5.49
21/7/2023,5.50
24/7/2023,5.51
25/7/2023,5.51
26/7/2023,5.51
27/7/2023,5.51
28/7/2023,5.52
31/7/2023,5.55
1/8/2023,5.54
2/8/2023,5.53
3/8/2023,5.54
4/8/2023,5.54
7/8/2023,5.56
8/8/2023,5.57
9/8/2023,5.55
10/8/2023,5.54
11/8/2023,5.54
14/8/2023,5.56
15/8/2023,5.56
16/8/2023,5.56
17/8/2023,5.56
18/8/2023,5.55
21/8/2023,5.57
22/8/2023,5.57
23/8/2023,5.57
24/8/2023,5.58
25/8/2023,5.61
28/8/2023,5.58
29/8/2023,5.56
30/8/2023,5.56
31/8/2023,5.56
1/9/2023,5.53
5/9/2023,5.55
6/9/2023,5.55
7/9/2023,5.53
8/9/2023,5.55
11/9/2023,5.55
12/9/2023,5.56
13/9/2023,5.55
14/9/2023,5.55
15/9/2023,5.56
18/9/2023,5.55
19/9/2023,5.54
20/9/2023,5.56
21/9/2023,5.57
22/9/2023,5.56
25/9/2023,5.58
26/9/2023,5.58
27/9/2023,5.58
28/9/2023,5.56
29/9/2023,5.55
2/10/2023,5.62
3/10/2023,5.62
4/10/2023,5.61
5/10/2023,5.61
6/10/2023,5.63
10/10/2023,5.61
11/10/2023,5.61
12/10/2023,5.63
13/10/2023,5.62
16/10/2023,5.61
17/10/2023,5.62
18/10/2023,5.61
19/10/2023,5.60
20/10/2023,5.58
23/10/2023,5.58
24/10/2023,5.58
25/10/2023,5.59
26/10/2023,5.59
27/10/2023,5.59
30/10/2023,5.60
31/10/2023,5.59
1/11/2023,5.57
2/11/2023,5.54
3/11/2023,5.53
6/11/2023,5.56
7/11/2023,5.55
8/11/2023,5.54
9/11/2023,5.54
10/11/2023,5.53
13/11/2023,5.55
14/11/2023,5.52
15/11/2023,5.53
16/11/2023,5.51
17/11/2023,5.50
20/11/2023,5.54
21/11/2023,5.53
22/11/2023,5.54
24/11/2023,5.54
27/11/2023,5.49
28/11/2023,5.47
29/11/2023,5.45
30/11/2023,5.45
1/12/2023,5.43
4/12/2023,5.46
5/12/2023,5.45
6/12/2023,5.45
7/12/2023,5.44
8/12/2023,5.44
11/12/2023,5.47
12/12/2023,5.46
13/12/2023,5.44
14/12/2023,5.43
15/12/2023,5.44
18/12/2023,5.46
19/12/2023,5.43
20/12/2023,5.44
21/12/2023,5.42
22/12/2023,5.44
26/12/2023,5.45
27/12/2023,5.44
28/12/2023,5.45
29/12/2023,5.40
2/1/2024,5.46
3/1/2024,5.48
4/1/2024,5.48
5/1/2024,5.47
8/1/2024,5.49
9/1/2024,5.47
10/1/2024,5.46
11/1/2024,5.46
12/1/2024,5.45
16/1/2024,5.45
17/1/2024,5.47
18/1/2024,5.45
19/1/2024,5.45
22/1/2024,5.46
23/1/2024,5.45
24/1/2024,5.44
25/1/2024,5.44
26/1/2024,5.44
29/1/2024,5.42
30/1/2024,5.42
31/1/2024,5.42
1/2/2024,5.42
2/2/2024,5.43
5/2/2024,5.42
6/2/2024,5.44
7/2/2024,5.43
8/2/2024,5.44
9/2/2024,5.44
12/2/2024,5.43
13/2/2024,5.45
14/2/2024,5.43
15/2/2024,5.43
16/2/2024,5.44
20/2/2024,5.44
21/2/2024,5.44
22/2/2024,5.45
23/2/2024,5.46
26/2/2024,5.47
27/2/2024,5.45
28/2/2024,5.45
29/2/2024,5.45
1/3/2024,5.42
4/3/2024,5.48
5/3/2024,5.47
6/3/2024,5.47
7/3/2024,5.47
8/3/2024,5.46
11/3/2024,5.48
12/3/2024,5.48
13/3/2024,5.48
14/3/2024,5.48
15/3/2024,5.48
18/3/2024,5.48
19/3/2024,5.48
20/3/2024,5.47
21/3/2024,5.48
