Series Description,FOMC
31/7/2001,3.82
1/8/2001,3.79
2/8/2001,3.68
3/8/2001,3.69
6/8/2001,3.73
7/8/2001,3.69
8/8/2001,3.75
9/8/2001,3.77
10/8/2001,3.70
13/8/2001,3.79
14/8/2001,3.76
15/8/2001,3.83
16/8/2001,3.75
17/8/2001,3.66
20/8/2001,3.64
21/8/2001,3.53
22/8/2001,3.51
23/8/2001,3.55
24/8/2001,3.51
27/8/2001,3.54
28/8/2001,3.50
29/8/2001,3.50
30/8/2001,3.58
31/8/2001,3.66
4/9/2001,3.67
5/9/2001,3.49
6/9/2001,3.52
7/9/2001,3.44
10/9/2001,3.50
13/9/2001,3.31
14/9/2001,3.13
17/9/2001,2.13
18/9/2001,1.25
19/9/2001,1.19
20/9/2001,2.22
21/9/2001,3.11
24/9/2001,3.31
25/9/2001,3.11
26/9/2001,2.96
27/9/2001,03.08
28/9/2001,2.75
1/10/2001,03.02
2/10/2001,2.35
3/10/2001,2.27
4/10/2001,2.45
5/10/2001,2.42
9/10/2001,2.50
10/10/2001,2.42
11/10/2001,2.42
12/10/2001,2.39
15/10/2001,2.51
16/10/2001,2.47
17/10/2001,2.51
18/10/2001,2.50
19/10/2001,2.47
22/10/2001,2.52
23/10/2001,2.48
24/10/2001,2.53
25/10/2001,2.54
26/10/2001,2.51
29/10/2001,2.55
30/10/2001,2.55
31/10/2001,2.66
1/11/2001,2.61
2/11/2001,2.43
5/11/2001,2.45
6/11/2001,2.13
7/11/2001,02.04
8/11/2001,02.03
9/11/2001,1.98
13/11/2001,2.10
14/11/2001,2.16
15/11/2001,2.22
16/11/2001,1.98
19/11/2001,02.01
20/11/2001,1.97
21/11/2001,1.93
23/11/2001,1.88
26/11/2001,02.04
27/11/2001,02.01
28/11/2001,02.04
29/11/2001,02.09
30/11/2001,02.06
3/12/2001,02.05
4/12/2001,1.93
5/12/2001,1.89
6/12/2001,1.87
7/12/2001,1.92
10/12/2001,1.90
11/12/2001,1.80
12/12/2001,1.81
13/12/2001,1.86
14/12/2001,1.88
17/12/2001,1.93
18/12/2001,1.71
19/12/2001,1.71
20/12/2001,1.79
21/12/2001,1.78
24/12/2001,1.68
26/12/2001,1.89
27/12/2001,1.85
28/12/2001,1.54
31/12/2001,1.52
2/1/2002,1.92
3/1/2002,1.72
4/1/2002,1.61
7/1/2002,1.61
8/1/2002,1.61
9/1/2002,1.74
10/1/2002,1.81
11/1/2002,1.71
14/1/2002,1.78
15/1/2002,1.75
16/1/2002,1.69
17/1/2002,1.68
18/1/2002,1.71
22/1/2002,1.84
23/1/2002,1.81
24/1/2002,1.80
25/1/2002,1.78
28/1/2002,1.79
29/1/2002,1.78
30/1/2002,1.78
31/1/2002,1.85
1/2/2002,1.77
4/2/2002,1.74
5/2/2002,1.64
6/2/2002,1.66
7/2/2002,1.74
8/2/2002,1.69
11/2/2002,1.76
12/2/2002,1.72
13/2/2002,1.75
14/2/2002,1.81
15/2/2002,1.73
19/2/2002,1.77
20/2/2002,1.76
21/2/2002,1.77
22/2/2002,1.71
25/2/2002,1.80
26/2/2002,1.77
27/2/2002,1.76
28/2/2002,1.83
1/3/2002,1.78
4/3/2002,1.68
5/3/2002,1.63
6/3/2002,1.71
7/3/2002,1.77
8/3/2002,1.69
11/3/2002,1.75
12/3/2002,1.68
13/3/2002,1.73
14/3/2002,1.79
15/3/2002,1.80
18/3/2002,1.71
19/3/2002,1.67
20/3/2002,1.78
21/3/2002,1.74
22/3/2002,1.68
25/3/2002,1.75
26/3/2002,1.71
27/3/2002,1.69
28/3/2002,1.77
1/4/2002,1.88
2/4/2002,1.74
3/4/2002,1.81
4/4/2002,1.74
5/4/2002,1.70
8/4/2002,1.72
9/4/2002,1.68
10/4/2002,1.73
11/4/2002,1.83
12/4/2002,1.79
15/4/2002,1.84
16/4/2002,1.68
17/4/2002,1.73
18/4/2002,1.71
19/4/2002,1.67
22/4/2002,1.73
23/4/2002,1.71
24/4/2002,1.76
25/4/2002,1.82
26/4/2002,1.79
29/4/2002,1.81
30/4/2002,1.82
1/5/2002,1.88
2/5/2002,1.79
3/5/2002,1.73
6/5/2002,1.75
7/5/2002,1.72
8/5/2002,1.71
9/5/2002,1.74
10/5/2002,1.74
13/5/2002,1.75
14/5/2002,1.69
15/5/2002,1.84
16/5/2002,1.76
17/5/2002,1.70
20/5/2002,1.72
21/5/2002,1.68
22/5/2002,1.73
23/5/2002,1.76
24/5/2002,1.75
28/5/2002,1.88
29/5/2002,1.79
30/5/2002,1.80
31/5/2002,1.79
3/6/2002,1.83
4/6/2002,1.73
5/6/2002,1.70
6/6/2002,1.75
7/6/2002,1.73
10/6/2002,1.76
11/6/2002,1.72
12/6/2002,1.75
13/6/2002,1.76
14/6/2002,1.75
17/6/2002,1.82
18/6/2002,1.71
19/6/2002,1.69
20/6/2002,1.75
21/6/2002,1.74
24/6/2002,1.77
25/6/2002,1.75
26/6/2002,1.78
27/6/2002,1.81
28/6/2002,1.73
1/7/2002,1.83
2/7/2002,1.72
3/7/2002,1.71
5/7/2002,1.72
8/7/2002,1.75
9/7/2002,1.72
10/7/2002,1.74
11/7/2002,1.76
12/7/2002,1.71
15/7/2002,1.83
16/7/2002,1.72
17/7/2002,1.71
18/7/2002,1.74
19/7/2002,1.72
22/7/2002,1.77
23/7/2002,1.73
24/7/2002,1.67
25/7/2002,1.75
26/7/2002,1.69
29/7/2002,1.75
30/7/2002,1.71
31/7/2002,1.76
1/8/2002,1.79
2/8/2002,1.72
5/8/2002,1.77
6/8/2002,1.74
7/8/2002,1.71
8/8/2002,1.71
9/8/2002,1.68
12/8/2002,1.76
13/8/2002,1.74
14/8/2002,1.78
15/8/2002,1.87
16/8/2002,1.70
19/8/2002,1.72
20/8/2002,1.70
21/8/2002,1.72
22/8/2002,1.73
23/8/2002,1.72
26/8/2002,1.81
27/8/2002,1.79
28/8/2002,1.80
29/8/2002,1.82
30/8/2002,1.81
3/9/2002,1.87
4/9/2002,1.74
5/9/2002,1.75
6/9/2002,1.71
9/9/2002,1.76
10/9/2002,1.74
11/9/2002,1.72
12/9/2002,1.74
13/9/2002,1.72
16/9/2002,1.83
17/9/2002,1.72
18/9/2002,1.68
19/9/2002,1.69
20/9/2002,1.70
23/9/2002,1.74
24/9/2002,1.75
25/9/2002,1.79
26/9/2002,1.80
27/9/2002,1.78
30/9/2002,1.85
1/10/2002,1.85
2/10/2002,1.75
3/10/2002,1.76
4/10/2002,1.72
7/10/2002,1.74
8/10/2002,1.72
9/10/2002,1.73
10/10/2002,1.75
11/10/2002,1.73
15/10/2002,1.88
16/10/2002,1.73
17/10/2002,1.74
18/10/2002,1.71
21/10/2002,1.73
22/10/2002,1.71
23/10/2002,1.76
24/10/2002,1.80
25/10/2002,1.82
28/10/2002,1.79
29/10/2002,1.75
30/10/2002,1.72
31/10/2002,1.82
1/11/2002,1.74
4/11/2002,1.71
5/11/2002,1.64
6/11/2002,1.48
7/11/2002,1.27
8/11/2002,1.18
12/11/2002,1.29
13/11/2002,1.17
14/11/2002,1.29
15/11/2002,1.35
18/11/2002,1.21
19/11/2002,1.20
20/11/2002,1.23
21/11/2002,1.27
22/11/2002,1.25
25/11/2002,1.32
26/11/2002,1.26
27/11/2002,1.27
29/11/2002,1.23
2/12/2002,1.27
3/12/2002,1.24
4/12/2002,1.23
5/12/2002,1.24
6/12/2002,1.21
9/12/2002,1.22
10/12/2002,1.22
11/12/2002,1.29
12/12/2002,1.29
13/12/2002,1.25
16/12/2002,1.36
17/12/2002,1.26
18/12/2002,1.25
19/12/2002,1.28
20/12/2002,1.26
23/12/2002,1.28
24/12/2002,1.15
26/12/2002,1.28
27/12/2002,1.20
30/12/2002,1.23
31/12/2002,1.16
2/1/2003,1.30
3/1/2003,1.12
6/1/2003,1.22
7/1/2003,1.20
8/1/2003,1.29
9/1/2003,1.29
10/1/2003,1.25
13/1/2003,1.26
14/1/2003,1.24
15/1/2003,1.30
16/1/2003,1.24
17/1/2003,1.20
21/1/2003,1.31
22/1/2003,1.26
23/1/2003,1.27
24/1/2003,1.21
27/1/2003,1.30
28/1/2003,1.23
29/1/2003,1.26
30/1/2003,1.29
31/1/2003,1.33
3/2/2003,1.30
4/2/2003,1.21
5/2/2003,1.21
6/2/2003,1.23
7/2/2003,1.21
10/2/2003,1.25
11/2/2003,1.22
12/2/2003,1.23
13/2/2003,1.28
14/2/2003,1.30
18/2/2003,1.35
19/2/2003,1.24
20/2/2003,1.25
21/2/2003,1.21
24/2/2003,1.25
25/2/2003,1.28
26/2/2003,1.28
27/2/2003,1.31
28/2/2003,1.33
3/3/2003,1.33
4/3/2003,1.20
5/3/2003,1.22
6/3/2003,1.23
7/3/2003,1.20
10/3/2003,1.23
11/3/2003,1.21
12/3/2003,1.23
13/3/2003,1.31
14/3/2003,1.30
17/3/2003,1.31
18/3/2003,1.20
19/3/2003,1.20
20/3/2003,1.23
21/3/2003,1.20
24/3/2003,1.23
25/3/2003,1.24
26/3/2003,1.26
27/3/2003,1.29
28/3/2003,1.26
31/3/2003,1.38
1/4/2003,1.29
2/4/2003,1.19
3/4/2003,1.24
4/4/2003,1.22
7/4/2003,1.25
8/4/2003,1.22
9/4/2003,1.24
10/4/2003,1.27
11/4/2003,1.24
14/4/2003,1.32
15/4/2003,1.34
16/4/2003,1.26
17/4/2003,1.28
21/4/2003,1.29
22/4/2003,1.26
23/4/2003,1.24
24/4/2003,1.24
25/4/2003,1.28
28/4/2003,1.29
29/4/2003,1.27
30/4/2003,1.31
1/5/2003,1.30
2/5/2003,1.24
5/5/2003,1.27
6/5/2003,1.28
7/5/2003,1.28
8/5/2003,1.27
9/5/2003,1.24
12/5/2003,1.25
13/5/2003,1.23
14/5/2003,1.30
15/5/2003,1.36
16/5/2003,1.26
19/5/2003,1.26
20/5/2003,1.23
21/5/2003,1.23
22/5/2003,1.25
23/5/2003,1.21
27/5/2003,1.32
28/5/2003,1.29
29/5/2003,1.29
30/5/2003,1.28
2/6/2003,1.27
3/6/2003,1.21
4/6/2003,1.22
5/6/2003,1.26
6/6/2003,1.24
9/6/2003,1.25
10/6/2003,1.22
11/6/2003,1.25
12/6/2003,1.25
13/6/2003,1.24
16/6/2003,1.33
17/6/2003,1.24
18/6/2003,1.22
19/6/2003,1.22
20/6/2003,1.23
23/6/2003,1.21
24/6/2003,1.15
25/6/2003,1.18
26/6/2003,1.10
27/6/2003,01.08
30/6/2003,1.45
1/7/2003,1.11
2/7/2003,01.01
3/7/2003,0.96
7/7/2003,1.00
8/7/2003,0.93
9/7/2003,0.96
10/7/2003,1.00
11/7/2003,0.98
14/7/2003,01.07
15/7/2003,1.13
16/7/2003,01.01
17/7/2003,01.02
18/7/2003,0.99
21/7/2003,01.02
22/7/2003,1.00
23/7/2003,01.05
24/7/2003,01.04
25/7/2003,01.03
28/7/2003,01.05
29/7/2003,01.04
30/7/2003,01.03
31/7/2003,01.04
1/8/2003,1.00
4/8/2003,1.00
5/8/2003,0.86
6/8/2003,0.88
7/8/2003,0.95
8/8/2003,0.96
11/8/2003,01.02
12/8/2003,0.99
13/8/2003,01.01
14/8/2003,1.22
15/8/2003,1.39
18/8/2003,01.03
19/8/2003,0.93
20/8/2003,0.89
21/8/2003,01.01
22/8/2003,0.99
25/8/2003,01.04
26/8/2003,1.00
27/8/2003,0.98
28/8/2003,01.04
29/8/2003,01.01
2/9/2003,01.06
3/9/2003,0.96
4/9/2003,0.98
5/9/2003,0.96
8/9/2003,0.99
9/9/2003,0.95
10/9/2003,0.95
11/9/2003,1.00
12/9/2003,01.02
15/9/2003,1.11
16/9/2003,0.97
17/9/2003,0.97
18/9/2003,1.00
19/9/2003,0.99
22/9/2003,01.02
23/9/2003,01.01
24/9/2003,01.03
25/9/2003,01.08
26/9/2003,01.03
29/9/2003,01.04
30/9/2003,1.17
1/10/2003,1.11
2/10/2003,01.02
3/10/2003,0.99
6/10/2003,0.99
7/10/2003,0.98
8/10/2003,0.99
9/10/2003,01.02
10/10/2003,1.00
14/10/2003,01.08
15/10/2003,01.09
16/10/2003,01.04
17/10/2003,0.98
20/10/2003,01.02
21/10/2003,0.99
22/10/2003,0.99
23/10/2003,01.02
24/10/2003,01.01
27/10/2003,01.03
28/10/2003,0.98
29/10/2003,0.97
30/10/2003,01.02
31/10/2003,01.03
3/11/2003,01.02
4/11/2003,0.98
5/11/2003,0.98
6/11/2003,1.00
7/11/2003,0.98
10/11/2003,0.99
12/11/2003,1.00
13/11/2003,0.99
14/11/2003,0.98
17/11/2003,01.04
18/11/2003,0.98
19/11/2003,0.98
20/11/2003,1.00
21/11/2003,0.98
24/11/2003,0.98
25/11/2003,01.02
26/11/2003,01.01
28/11/2003,01.01
1/12/2003,01.03
2/12/2003,0.97
3/12/2003,0.98
4/12/2003,0.99
5/12/2003,0.98
8/12/2003,0.99
9/12/2003,0.97
10/12/2003,0.99
11/12/2003,0.99
12/12/2003,0.99
15/12/2003,01.04
16/12/2003,0.99
17/12/2003,0.99
18/12/2003,01.01
19/12/2003,0.98
22/12/2003,01.02
23/12/2003,1.00
24/12/2003,0.97
26/12/2003,0.97
29/12/2003,0.98
30/12/2003,0.93
31/12/2003,0.94
2/1/2004,01.01
5/1/2004,0.97
6/1/2004,0.92
7/1/2004,0.94
8/1/2004,0.99
9/1/2004,0.99
12/1/2004,1.00
13/1/2004,0.99
14/1/2004,01.01
15/1/2004,01.04
16/1/2004,0.98
20/1/2004,01.02
21/1/2004,1.00
22/1/2004,01.02
23/1/2004,1.00
26/1/2004,01.08
27/1/2004,01.02
28/1/2004,0.99
29/1/2004,1.00
30/1/2004,01.03
2/2/2004,01.01
3/2/2004,0.97
4/2/2004,1.00
5/2/2004,01.01
6/2/2004,0.99
9/2/2004,01.01
10/2/2004,1.00
11/2/2004,1.00
12/2/2004,01.02
13/2/2004,01.01
17/2/2004,01.02
18/2/2004,1.00
19/2/2004,1.00
20/2/2004,0.99
23/2/2004,1.00
24/2/2004,0.99
25/2/2004,01.02
26/2/2004,01.03
27/2/2004,01.04
1/3/2004,01.04
2/3/2004,1.00
3/3/2004,1.00
4/3/2004,0.99
5/3/2004,1.00
8/3/2004,1.00
9/3/2004,0.99
10/3/2004,1.00
11/3/2004,01.01
12/3/2004,0.99
15/3/2004,01.05
16/3/2004,0.99
17/3/2004,1.00
18/3/2004,1.00
19/3/2004,0.99
22/3/2004,01.01
23/3/2004,0.99
24/3/2004,0.99
25/3/2004,01.02
26/3/2004,1.00
29/3/2004,1.00
30/3/2004,0.98
31/3/2004,01.05
1/4/2004,01.03
2/4/2004,1.00
5/4/2004,01.01
6/4/2004,1.00
7/4/2004,1.00
8/4/2004,01.02
12/4/2004,1.00
13/4/2004,1.00
14/4/2004,01.01
15/4/2004,01.03
16/4/2004,0.99
19/4/2004,1.00
20/4/2004,0.99
21/4/2004,0.99
22/4/2004,1.00
23/4/2004,0.99
26/4/2004,01.01
27/4/2004,0.99
28/4/2004,01.01
29/4/2004,01.03
30/4/2004,01.03
3/5/2004,01.03
4/5/2004,1.00
5/5/2004,0.99
6/5/2004,1.00
7/5/2004,0.99
10/5/2004,1.00
11/5/2004,0.96
12/5/2004,0.98
13/5/2004,1.00
14/5/2004,01.02
17/5/2004,01.05
18/5/2004,1.00
19/5/2004,1.00
20/5/2004,1.00
21/5/2004,0.99
24/5/2004,1.00
25/5/2004,1.00
26/5/2004,0.99
27/5/2004,1.00
28/5/2004,01.02
1/6/2004,01.02
2/6/2004,0.98
3/6/2004,0.99
4/6/2004,0.99
7/6/2004,0.99
8/6/2004,0.97
9/6/2004,0.99
10/6/2004,1.00
14/6/2004,01.02
15/6/2004,01.03
16/6/2004,1.00
17/6/2004,01.01
18/6/2004,1.00
21/6/2004,1.00
22/6/2004,1.00
23/6/2004,01.02
24/6/2004,01.03
25/6/2004,01.05
28/6/2004,01.09
29/6/2004,1.13
30/6/2004,1.38
1/7/2004,1.40
2/7/2004,1.25
6/7/2004,1.30
7/7/2004,1.26
8/7/2004,1.26
9/7/2004,1.24
12/7/2004,1.26
13/7/2004,1.24
14/7/2004,1.24
15/7/2004,1.30
16/7/2004,1.24
19/7/2004,1.25
20/7/2004,1.25
21/7/2004,1.25
22/7/2004,1.26
23/7/2004,1.25
26/7/2004,1.27
27/7/2004,1.27
28/7/2004,1.29
29/7/2004,1.30
30/7/2004,1.29
2/8/2004,1.28
3/8/2004,1.24
4/8/2004,1.22
5/8/2004,1.30
6/8/2004,1.32
9/8/2004,1.35
10/8/2004,1.43
11/8/2004,1.50
12/8/2004,1.51
13/8/2004,1.48
16/8/2004,1.43
17/8/2004,1.20
18/8/2004,1.39
19/8/2004,1.50
20/8/2004,1.50
23/8/2004,1.51
24/8/2004,1.51
25/8/2004,1.55
26/8/2004,1.55
27/8/2004,1.52
30/8/2004,1.54
31/8/2004,1.55
1/9/2004,1.53
2/9/2004,1.51
3/9/2004,1.48
7/9/2004,1.54
8/9/2004,1.51
9/9/2004,1.49
10/9/2004,1.48
13/9/2004,1.51
14/9/2004,1.40
15/9/2004,1.57
16/9/2004,1.61
17/9/2004,1.58
20/9/2004,1.64
21/9/2004,1.70
22/9/2004,1.78
23/9/2004,1.80
24/9/2004,1.76
27/9/2004,1.76
28/9/2004,1.72
29/9/2004,1.76
30/9/2004,1.94
1/10/2004,1.86
4/10/2004,1.77
5/10/2004,1.73
6/10/2004,1.74
7/10/2004,1.76
8/10/2004,1.71
12/10/2004,1.78
13/10/2004,1.73
14/10/2004,1.77
15/10/2004,1.79
18/10/2004,1.73
19/10/2004,1.72
20/10/2004,1.74
21/10/2004,1.76
22/10/2004,1.72
25/10/2004,1.76
26/10/2004,1.72
27/10/2004,1.77
28/10/2004,1.79
29/10/2004,1.79
1/11/2004,1.83
2/11/2004,1.74
3/11/2004,1.73
4/11/2004,1.77
5/11/2004,1.76
8/11/2004,1.80
9/11/2004,1.79
10/11/2004,1.92
12/11/2004,02.02
15/11/2004,02.06
16/11/2004,1.98
17/11/2004,1.99
18/11/2004,1.99
19/11/2004,1.99
22/11/2004,02.01
23/11/2004,2.00
24/11/2004,02.02
26/11/2004,02.01
29/11/2004,02.03
30/11/2004,02.02
1/12/2004,02.04
2/12/2004,2.00
3/12/2004,1.98
6/12/2004,02.04
7/12/2004,1.99
8/12/2004,02.01
9/12/2004,02.05
10/12/2004,02.09
13/12/2004,2.18
14/12/2004,2.24
15/12/2004,2.31
16/12/2004,2.26
17/12/2004,2.23
20/12/2004,2.26
21/12/2004,2.24
22/12/2004,2.25
23/12/2004,2.34
27/12/2004,2.24
28/12/2004,2.24
29/12/2004,2.23
30/12/2004,2.24
31/12/2004,1.97
3/1/2005,2.31
4/1/2005,2.25
5/1/2005,2.25
6/1/2005,2.25
7/1/2005,2.24
10/1/2005,2.26
11/1/2005,2.24
12/1/2005,2.25
13/1/2005,2.29
14/1/2005,2.29
18/1/2005,2.31
19/1/2005,2.19
20/1/2005,2.25
21/1/2005,2.26
24/1/2005,2.26
25/1/2005,2.29
26/1/2005,2.33
27/1/2005,2.39
28/1/2005,2.48
31/1/2005,2.50
1/2/2005,2.40
2/2/2005,2.29
3/2/2005,2.49
4/2/2005,2.51
7/2/2005,2.50
8/2/2005,2.48
9/2/2005,2.50
10/2/2005,2.51
11/2/2005,2.50
14/2/2005,2.51
15/2/2005,2.53
16/2/2005,2.48
17/2/2005,2.50
18/2/2005,2.51
22/2/2005,2.57
23/2/2005,2.53
24/2/2005,2.55
25/2/2005,2.54
28/2/2005,2.52
1/3/2005,2.39
2/3/2005,2.48
3/3/2005,2.51
4/3/2005,2.50
7/3/2005,2.51
8/3/2005,2.49
9/3/2005,2.50
10/3/2005,2.52
11/3/2005,2.51
14/3/2005,2.59
15/3/2005,2.61
16/3/2005,2.57
17/3/2005,2.68
18/3/2005,2.70
21/3/2005,2.71
22/3/2005,2.72
23/3/2005,2.73
24/3/2005,2.75
28/3/2005,2.79
29/3/2005,2.72
30/3/2005,2.74
31/3/2005,2.96
1/4/2005,2.83
4/4/2005,2.78
5/4/2005,2.72
6/4/2005,2.73
7/4/2005,2.76
8/4/2005,2.75
11/4/2005,2.78
12/4/2005,2.77
13/4/2005,2.76
14/4/2005,2.79
15/4/2005,2.82
18/4/2005,2.75
19/4/2005,2.74
20/4/2005,2.74
21/4/2005,2.75
22/4/2005,2.74
25/4/2005,2.82
26/4/2005,2.78
27/4/2005,2.63
28/4/2005,2.89
29/4/2005,2.97
2/5/2005,2.98
3/5/2005,2.95
4/5/2005,2.99
5/5/2005,2.99
6/5/2005,2.98
9/5/2005,2.99
10/5/2005,2.99
11/5/2005,2.99
12/5/2005,03.01
13/5/2005,03.01
16/5/2005,03.06
17/5/2005,2.99
18/5/2005,3.00
19/5/2005,03.02
20/5/2005,03.01
23/5/2005,03.01
24/5/2005,2.99
25/5/2005,03.01
26/5/2005,03.01
27/5/2005,03.01
31/5/2005,03.09
1/6/2005,03.02
2/6/2005,3.00
3/6/2005,2.99
6/6/2005,3.00
7/6/2005,2.96
8/6/2005,2.96
9/6/2005,03.01
10/6/2005,03.01
13/6/2005,03.04
14/6/2005,03.01
15/6/2005,03.05
16/6/2005,3.00
17/6/2005,2.99
20/6/2005,03.01
21/6/2005,2.96
22/6/2005,2.93
23/6/2005,03.05
24/6/2005,03.07
27/6/2005,3.17
28/6/2005,3.17
29/6/2005,3.20
30/6/2005,3.35
1/7/2005,3.36
5/7/2005,3.27
6/7/2005,2.99
7/7/2005,3.18
8/7/2005,3.22
11/7/2005,3.23
12/7/2005,3.23
13/7/2005,3.27
14/7/2005,3.32
15/7/2005,3.32
18/7/2005,3.19
19/7/2005,3.13
20/7/2005,3.25
21/7/2005,3.27
22/7/2005,3.25
25/7/2005,3.28
26/7/2005,3.25
27/7/2005,3.27
28/7/2005,3.27
29/7/2005,3.31
1/8/2005,3.30
2/8/2005,3.20
3/8/2005,3.35
4/8/2005,3.44
5/8/2005,3.49
8/8/2005,3.50
9/8/2005,3.47
10/8/2005,3.48
11/8/2005,3.51
12/8/2005,3.55
15/8/2005,3.61
16/8/2005,3.46
17/8/2005,3.57
18/8/2005,3.50
19/8/2005,3.54
22/8/2005,3.51
23/8/2005,3.49
24/8/2005,3.50
25/8/2005,3.55
26/8/2005,3.54
29/8/2005,3.54
30/8/2005,3.52
31/8/2005,3.63
1/9/2005,3.57
2/9/2005,3.49
6/9/2005,3.57
7/9/2005,3.48
8/9/2005,3.49
9/9/2005,3.49
12/9/2005,3.50
13/9/2005,3.45
14/9/2005,3.54
15/9/2005,3.67
16/9/2005,3.62
19/9/2005,3.62
20/9/2005,3.67
21/9/2005,3.72
22/9/2005,3.77
23/9/2005,3.76
26/9/2005,3.83
27/9/2005,3.73
28/9/2005,3.76
29/9/2005,3.82
30/9/2005,3.93
3/10/2005,3.87
4/10/2005,3.75
5/10/2005,3.75
6/10/2005,3.76
7/10/2005,3.73
11/10/2005,3.72
12/10/2005,3.36
13/10/2005,3.75
14/10/2005,3.77
17/10/2005,3.82
18/10/2005,3.71
19/10/2005,3.71
20/10/2005,3.77
21/10/2005,3.76
24/10/2005,3.76
25/10/2005,3.74
26/10/2005,3.75
27/10/2005,3.85
28/10/2005,3.90
31/10/2005,04.02
1/11/2005,3.99
2/11/2005,3.99
3/11/2005,04.01
4/11/2005,4.00
7/11/2005,3.99
8/11/2005,3.95
9/11/2005,04.02
10/11/2005,3.98
14/11/2005,04.03
15/11/2005,3.97
16/11/2005,3.96
17/11/2005,3.98
18/11/2005,4.00
21/11/2005,04.03
22/11/2005,3.99
23/11/2005,04.01
25/11/2005,04.03
28/11/2005,04.01
29/11/2005,3.99
30/11/2005,04.03
1/12/2005,04.03
2/12/2005,4.00
5/12/2005,04.02
6/12/2005,3.97
7/12/2005,3.98
8/12/2005,04.09
9/12/2005,4.16
12/12/2005,4.24
13/12/2005,4.23
14/12/2005,4.26
15/12/2005,4.29
16/12/2005,4.25
19/12/2005,4.25
20/12/2005,4.30
21/12/2005,04.08
22/12/2005,4.25
23/12/2005,4.21
27/12/2005,4.26
28/12/2005,4.19
29/12/2005,4.18
30/12/2005,04.09
3/1/2006,4.34
4/1/2006,4.22
5/1/2006,4.24
6/1/2006,4.22
9/1/2006,4.25
10/1/2006,4.24
11/1/2006,4.24
12/1/2006,4.28
13/1/2006,4.30
17/1/2006,4.32
18/1/2006,4.24
19/1/2006,4.23
20/1/2006,4.24
23/1/2006,4.26
24/1/2006,4.28
25/1/2006,4.36
26/1/2006,4.37
27/1/2006,4.42
30/1/2006,4.48
31/1/2006,4.47
1/2/2006,4.47
2/2/2006,4.48
3/2/2006,4.51
6/2/2006,4.51
7/2/2006,4.47
8/2/2006,4.48
9/2/2006,4.52
10/2/2006,4.51
13/2/2006,4.44
14/2/2006,4.45
15/2/2006,4.50
16/2/2006,4.48
17/2/2006,4.48
21/2/2006,4.54
22/2/2006,4.49
23/2/2006,4.47
24/2/2006,4.48
27/2/2006,4.52
28/2/2006,4.52
1/3/2006,4.52
2/3/2006,4.50
3/3/2006,4.51
6/3/2006,4.51
7/3/2006,4.51
8/3/2006,4.51
9/3/2006,4.51
10/3/2006,4.51
13/3/2006,4.52
14/3/2006,4.51
15/3/2006,4.47
16/3/2006,4.55
17/3/2006,4.60
20/3/2006,4.55
21/3/2006,4.54
22/3/2006,4.58
23/3/2006,4.64
24/3/2006,4.69
27/3/2006,4.77
28/3/2006,4.70
29/3/2006,4.69
30/3/2006,4.76
31/3/2006,5.00
3/4/2006,4.87
4/4/2006,4.76
5/4/2006,4.76
6/4/2006,4.76
7/4/2006,4.76
10/4/2006,4.78
11/4/2006,4.74
12/4/2006,4.78
13/4/2006,4.82
17/4/2006,4.78
18/4/2006,4.72
19/4/2006,4.70
20/4/2006,4.73
21/4/2006,4.74
24/4/2006,4.77
25/4/2006,4.74
26/4/2006,4.73
27/4/2006,4.79
28/4/2006,4.86
1/5/2006,4.84
2/5/2006,4.79
3/5/2006,4.81
4/5/2006,4.83
5/5/2006,4.83
8/5/2006,4.88
9/5/2006,4.78
10/5/2006,4.88
11/5/2006,4.99
12/5/2006,05.01
15/5/2006,05.01
16/5/2006,4.98
17/5/2006,4.96
18/5/2006,5.00
19/5/2006,5.00
22/5/2006,5.00
23/5/2006,4.94
24/5/2006,4.90
25/5/2006,05.01
26/5/2006,4.99
30/5/2006,05.02
31/5/2006,05.05
1/6/2006,05.02
2/6/2006,4.97
5/6/2006,05.01
6/6/2006,4.99
7/6/2006,4.99
8/6/2006,05.02
9/6/2006,5.00
12/6/2006,05.01
13/6/2006,5.00
14/6/2006,5.00
15/6/2006,05.02
16/6/2006,4.94
19/6/2006,4.95
20/6/2006,4.92
21/6/2006,4.91
22/6/2006,4.98
23/6/2006,4.98
26/6/2006,05.03
27/6/2006,05.02
28/6/2006,05.06
29/6/2006,05.08
30/6/2006,05.05
3/7/2006,5.25
5/7/2006,5.25
6/7/2006,5.24
7/7/2006,5.22
10/7/2006,5.24
11/7/2006,5.25
12/7/2006,5.27
13/7/2006,5.26
14/7/2006,5.26
17/7/2006,5.28
18/7/2006,5.22
19/7/2006,5.23
20/7/2006,5.24
21/7/2006,5.23
24/7/2006,5.24
25/7/2006,5.24
26/7/2006,5.24
27/7/2006,5.27
28/7/2006,5.26
31/7/2006,5.31
1/8/2006,5.27
2/8/2006,5.25
3/8/2006,5.27
4/8/2006,5.25
7/8/2006,5.24
8/8/2006,5.26
9/8/2006,5.25
10/8/2006,5.24
11/8/2006,5.24
14/8/2006,5.26
15/8/2006,5.24
16/8/2006,5.17
17/8/2006,5.20
18/8/2006,5.25
21/8/2006,5.24
22/8/2006,5.24
23/8/2006,5.25
24/8/2006,5.25
25/8/2006,5.25
28/8/2006,5.25
29/8/2006,5.23
30/8/2006,5.25
31/8/2006,5.31
1/9/2006,5.25
5/9/2006,5.26
6/9/2006,5.21
7/9/2006,5.23
8/9/2006,5.23
11/9/2006,5.24
12/9/2006,5.21
13/9/2006,5.26
14/9/2006,5.26
15/9/2006,5.25
18/9/2006,5.23
19/9/2006,5.21
20/9/2006,5.23
21/9/2006,5.24
22/9/2006,5.27
25/9/2006,5.30
26/9/2006,5.25
27/9/2006,5.30
28/9/2006,5.28
29/9/2006,5.34
2/10/2006,5.33
3/10/2006,5.25
4/10/2006,5.23
5/10/2006,5.23
6/10/2006,5.22
10/10/2006,5.28
11/10/2006,5.25
12/10/2006,5.25
13/10/2006,5.21
16/10/2006,5.28
17/10/2006,5.21
18/10/2006,5.23
19/10/2006,5.22
20/10/2006,5.25
23/10/2006,5.24
24/10/2006,5.24
25/10/2006,5.26
26/10/2006,5.23
27/10/2006,5.23
30/10/2006,5.27
31/10/2006,5.31
1/11/2006,5.23
2/11/2006,5.22
3/11/2006,5.25
6/11/2006,5.24
7/11/2006,5.22
8/11/2006,5.22
9/11/2006,5.23
10/11/2006,5.23
13/11/2006,5.27
14/11/2006,5.25
15/11/2006,5.29
16/11/2006,5.25
17/11/2006,5.20
20/11/2006,5.25
21/11/2006,5.29
22/11/2006,5.26
24/11/2006,5.24
27/11/2006,5.32
28/11/2006,5.24
29/11/2006,5.26
30/11/2006,5.31
1/12/2006,5.27
4/12/2006,5.22
5/12/2006,5.21
6/12/2006,5.22
7/12/2006,5.25
8/12/2006,5.25
11/12/2006,5.25
12/12/2006,5.23
13/12/2006,5.23
14/12/2006,5.29
15/12/2006,5.27
18/12/2006,5.21
19/12/2006,5.21
20/12/2006,5.26
21/12/2006,5.25
22/12/2006,5.24
26/12/2006,5.29
27/12/2006,5.17
28/12/2006,5.25
29/12/2006,5.17
2/1/2007,5.30
3/1/2007,5.28
4/1/2007,5.24
5/1/2007,5.21
8/1/2007,5.23
9/1/2007,5.25
10/1/2007,5.26
11/1/2007,5.27
12/1/2007,5.22
16/1/2007,5.28
17/1/2007,5.25
18/1/2007,5.23
19/1/2007,5.25
22/1/2007,5.24
23/1/2007,5.26
24/1/2007,5.27
25/1/2007,5.31
26/1/2007,5.26
29/1/2007,5.26
30/1/2007,5.23
31/1/2007,5.33
1/2/2007,5.29
2/2/2007,5.24
5/2/2007,5.25
6/2/2007,5.24
7/2/2007,5.23
8/2/2007,5.25
9/2/2007,5.25
12/2/2007,5.28
13/2/2007,5.26
14/2/2007,5.27
15/2/2007,5.29
16/2/2007,5.24
20/2/2007,5.27
21/2/2007,5.23
22/2/2007,5.26
23/2/2007,5.24
26/2/2007,5.30
27/2/2007,5.27
28/2/2007,5.41
1/3/2007,5.31
2/3/2007,5.23
5/3/2007,5.27
6/3/2007,5.22
7/3/2007,5.24
8/3/2007,5.24
9/3/2007,5.24
12/3/2007,5.25
13/3/2007,5.25
14/3/2007,5.27
15/3/2007,5.29
16/3/2007,5.25
19/3/2007,5.26
20/3/2007,5.26
21/3/2007,5.26
22/3/2007,5.27
23/3/2007,5.24
26/3/2007,5.28
27/3/2007,5.25
28/3/2007,5.27
29/3/2007,5.29
30/3/2007,5.30
2/4/2007,5.25
3/4/2007,5.20
4/4/2007,5.21
5/4/2007,5.30
6/4/2007,5.30
9/4/2007,5.28
10/4/2007,5.26
11/4/2007,5.24
12/4/2007,5.27
13/4/2007,5.25
16/4/2007,5.29
17/4/2007,5.20
18/4/2007,5.19
19/4/2007,5.23
20/4/2007,5.25
23/4/2007,5.23
24/4/2007,5.20
25/4/2007,5.19
26/4/2007,5.24
27/4/2007,5.24
30/4/2007,5.29
1/5/2007,5.26
2/5/2007,5.21
3/5/2007,5.24
4/5/2007,5.24
7/5/2007,5.24
8/5/2007,5.21
9/5/2007,5.21
10/5/2007,5.25
11/5/2007,5.27
14/5/2007,5.26
15/5/2007,5.29
16/5/2007,5.25
17/5/2007,5.25
18/5/2007,5.24
21/5/2007,5.24
22/5/2007,5.23
23/5/2007,5.25
24/5/2007,5.24
25/5/2007,5.29
29/5/2007,5.29
30/5/2007,5.25
31/5/2007,5.28
1/6/2007,5.23
4/6/2007,5.24
5/6/2007,5.19
6/6/2007,5.25
7/6/2007,5.25
8/6/2007,5.26
11/6/2007,5.27
12/6/2007,5.26
13/6/2007,5.26
14/6/2007,5.28
15/6/2007,5.26
18/6/2007,5.23
19/6/2007,5.21
20/6/2007,5.27
21/6/2007,5.26
22/6/2007,5.24
25/6/2007,5.29
26/6/2007,5.25
27/6/2007,5.26
28/6/2007,5.26
29/6/2007,5.31
2/7/2007,5.31
3/7/2007,5.24
5/7/2007,5.25
6/7/2007,5.22
9/7/2007,5.22
10/7/2007,5.24
11/7/2007,5.24
12/7/2007,5.26
13/7/2007,5.25
16/7/2007,5.32
17/7/2007,5.28
18/7/2007,5.26
19/7/2007,5.25
20/7/2007,5.25
23/7/2007,5.26
24/7/2007,5.25
25/7/2007,5.32
26/7/2007,5.28
27/7/2007,5.25
30/7/2007,5.29
31/7/2007,5.28
1/8/2007,5.30
2/8/2007,5.24
3/8/2007,5.24
6/8/2007,5.26
7/8/2007,5.26
8/8/2007,5.27
9/8/2007,5.41
10/8/2007,4.68
13/8/2007,4.81
14/8/2007,4.54
15/8/2007,4.71
16/8/2007,4.97
17/8/2007,4.91
20/8/2007,05.03
21/8/2007,4.89
22/8/2007,4.77
23/8/2007,4.88
24/8/2007,5.11
27/8/2007,5.27
28/8/2007,5.30
29/8/2007,5.00
30/8/2007,5.00
31/8/2007,4.96
4/9/2007,5.22
5/9/2007,5.18
6/9/2007,4.98
7/9/2007,4.86
10/9/2007,05.07
11/9/2007,05.06
12/9/2007,5.18
13/9/2007,05.09
14/9/2007,5.25
17/9/2007,5.33
18/9/2007,4.92
19/9/2007,4.74
20/9/2007,4.77
21/9/2007,4.76
24/9/2007,4.74
25/9/2007,4.82
26/9/2007,4.88
27/9/2007,4.93
28/9/2007,4.58
1/10/2007,4.92
2/10/2007,4.78
3/10/2007,4.68
4/10/2007,4.74
5/10/2007,4.77
9/10/2007,4.91
10/10/2007,4.52
11/10/2007,4.75
12/10/2007,4.75
15/10/2007,4.81
16/10/2007,4.68
17/10/2007,4.70
18/10/2007,4.69
19/10/2007,4.77
22/10/2007,4.71
23/10/2007,4.67
24/10/2007,4.74
25/10/2007,4.86
26/10/2007,4.80
29/10/2007,4.84
30/10/2007,4.78
31/10/2007,4.60
1/11/2007,4.59
2/11/2007,4.28
5/11/2007,4.29
6/11/2007,4.22
7/11/2007,4.39
8/11/2007,4.58
9/11/2007,4.49
13/11/2007,4.61
14/11/2007,4.60
15/11/2007,4.54
16/11/2007,4.51
19/11/2007,4.51
20/11/2007,4.51
21/11/2007,4.50
23/11/2007,4.56
26/11/2007,4.62
27/11/2007,4.39
28/11/2007,4.53
29/11/2007,4.55
30/11/2007,4.66
3/12/2007,4.52
4/12/2007,4.50
5/12/2007,4.31
6/12/2007,4.49
7/12/2007,4.41
10/12/2007,4.46
11/12/2007,4.29
12/12/2007,4.28
13/12/2007,4.30
14/12/2007,4.24
17/12/2007,4.31
18/12/2007,4.16
19/12/2007,3.98
20/12/2007,4.37
21/12/2007,4.28
24/12/2007,4.00
26/12/2007,4.26
27/12/2007,4.15
28/12/2007,04.01
31/12/2007,03.06
2/1/2008,4.11
3/1/2008,4.25
4/1/2008,4.18
7/1/2008,4.27
8/1/2008,4.27
9/1/2008,4.26
10/1/2008,4.26
11/1/2008,4.23
14/1/2008,4.24
15/1/2008,4.24
16/1/2008,4.22
17/1/2008,4.23
18/1/2008,4.17
22/1/2008,3.68
23/1/2008,3.43
24/1/2008,3.47
25/1/2008,3.60
28/1/2008,3.50
29/1/2008,3.47
30/1/2008,3.26
31/1/2008,3.22
1/2/2008,3.12
4/2/2008,2.82
5/2/2008,2.71
6/2/2008,2.94
7/2/2008,03.03
8/2/2008,03.05
11/2/2008,2.88
12/2/2008,2.91
13/2/2008,03.02
14/2/2008,03.03
15/2/2008,2.97
19/2/2008,2.94
20/2/2008,3.00
21/2/2008,03.01
22/2/2008,2.97
25/2/2008,3.00
26/2/2008,2.85
27/2/2008,2.93
28/2/2008,03.06
29/2/2008,03.01
3/3/2008,3.10
4/3/2008,2.90
5/3/2008,2.93
6/3/2008,2.99
7/3/2008,2.96
10/3/2008,2.99
11/3/2008,2.95
12/3/2008,2.97
13/3/2008,2.98
14/3/2008,2.99
17/3/2008,2.69
18/3/2008,2.16
19/3/2008,02.08
20/3/2008,2.22
24/3/2008,02.08
25/3/2008,2.42
26/3/2008,2.30
27/3/2008,2.27
28/3/2008,02.09
31/3/2008,2.51
1/4/2008,2.38
2/4/2008,2.18
3/4/2008,2.19
4/4/2008,2.26
7/4/2008,2.24
8/4/2008,2.23
9/4/2008,2.20
10/4/2008,2.30
11/4/2008,2.37
14/4/2008,2.32
15/4/2008,2.32
16/4/2008,2.35
17/4/2008,2.37
18/4/2008,2.32
21/4/2008,2.28
22/4/2008,1.99
23/4/2008,2.18
24/4/2008,2.26
25/4/2008,2.28
28/4/2008,2.29
29/4/2008,2.21
30/4/2008,2.37
1/5/2008,2.16
2/5/2008,1.88
5/5/2008,1.85
6/5/2008,1.91
7/5/2008,02.01
8/5/2008,1.99
9/5/2008,1.97
12/5/2008,1.88
13/5/2008,1.93
14/5/2008,02.03
15/5/2008,02.03
16/5/2008,1.91
19/5/2008,1.95
20/5/2008,1.99
21/5/2008,02.03
22/5/2008,02.05
23/5/2008,1.99
27/5/2008,2.23
28/5/2008,02.08
29/5/2008,02.01
30/5/2008,1.98
2/6/2008,02.06
3/6/2008,1.95
4/6/2008,1.98
5/6/2008,1.98
6/6/2008,02.01
9/6/2008,02.02
10/6/2008,1.96
11/6/2008,1.95
12/6/2008,02.01
13/6/2008,02.02
16/6/2008,02.06
17/6/2008,1.87
18/6/2008,1.84
19/6/2008,1.94
20/6/2008,1.99
23/6/2008,1.98
24/6/2008,1.93
25/6/2008,1.97
26/6/2008,02.05
27/6/2008,1.99
30/6/2008,2.47
1/7/2008,2.11
2/7/2008,1.95
3/7/2008,1.92
7/7/2008,1.99
8/7/2008,1.97
9/7/2008,1.99
10/7/2008,02.01
11/7/2008,1.97
14/7/2008,02.06
15/7/2008,2.16
16/7/2008,1.95
17/7/2008,02.03
18/7/2008,1.96
21/7/2008,1.98
22/7/2008,1.97
23/7/2008,02.04
24/7/2008,02.06
25/7/2008,2.13
28/7/2008,2.00
29/7/2008,02.05
30/7/2008,02.03
31/7/2008,02.09
1/8/2008,02.04
4/8/2008,1.97
5/8/2008,1.97
6/8/2008,02.01
7/8/2008,1.96
8/8/2008,02.01
11/8/2008,1.99
12/8/2008,1.95
13/8/2008,1.98
14/8/2008,02.09
15/8/2008,02.08
18/8/2008,1.91
19/8/2008,1.94
20/8/2008,1.98
21/8/2008,02.01
22/8/2008,02.02
25/8/2008,02.01
26/8/2008,1.88
27/8/2008,1.98
28/8/2008,1.99
29/8/2008,1.94
2/9/2008,1.96
3/9/2008,02.01
4/9/2008,1.99
5/9/2008,1.97
8/9/2008,1.92
9/9/2008,1.96
10/9/2008,2.12
11/9/2008,2.00
12/9/2008,2.10
15/9/2008,2.64
16/9/2008,1.98
17/9/2008,2.80
18/9/2008,2.16
19/9/2008,1.48
22/9/2008,1.51
23/9/2008,1.46
24/9/2008,1.19
25/9/2008,1.23
26/9/2008,01.08
29/9/2008,1.56
30/9/2008,02.03
1/10/2008,1.15
2/10/2008,0.67
3/10/2008,1.10
6/10/2008,1.96
7/10/2008,2.97
8/10/2008,2.24
9/10/2008,1.40
10/10/2008,0.79
14/10/2008,1.10
15/10/2008,01.04
16/10/2008,0.83
17/10/2008,0.60
20/10/2008,0.70
21/10/2008,0.67
22/10/2008,0.81
23/10/2008,0.93
24/10/2008,0.95
27/10/2008,0.92
28/10/2008,0.67
29/10/2008,0.36
30/10/2008,0.30
31/10/2008,0.22
3/11/2008,0.23
4/11/2008,0.23
5/11/2008,0.23
6/11/2008,0.23
7/11/2008,0.27
10/11/2008,0.29
12/11/2008,0.35
13/11/2008,0.35
14/11/2008,0.34
17/11/2008,0.37
18/11/2008,0.38
19/11/2008,0.38
20/11/2008,0.49
21/11/2008,0.57
24/11/2008,0.62
25/11/2008,0.59
26/11/2008,0.53
28/11/2008,0.52
1/12/2008,0.52
2/12/2008,0.47
3/12/2008,0.36
4/12/2008,0.20
5/12/2008,0.12
8/12/2008,0.12
9/12/2008,0.13
10/12/2008,0.11
11/12/2008,0.14
12/12/2008,0.15
15/12/2008,0.18
16/12/2008,0.17
17/12/2008,0.12
18/12/2008,0.11
19/12/2008,0.11
22/12/2008,0.11
23/12/2008,0.11
24/12/2008,0.11
26/12/2008,0.09
29/12/2008,0.10
30/12/2008,0.09
31/12/2008,0.14
2/1/2009,0.08
5/1/2009,0.11
6/1/2009,0.09
7/1/2009,0.11
8/1/2009,0.10
9/1/2009,0.09
12/1/2009,0.10
13/1/2009,0.10
14/1/2009,0.15
15/1/2009,0.18
16/1/2009,0.19
20/1/2009,0.20
21/1/2009,0.23
22/1/2009,0.21
23/1/2009,0.18
26/1/2009,0.19
27/1/2009,0.18
28/1/2009,0.19
29/1/2009,0.23
30/1/2009,0.23
2/2/2009,0.24
3/2/2009,0.24
4/2/2009,0.24
5/2/2009,0.23
6/2/2009,0.23
9/2/2009,0.22
10/2/2009,0.24
11/2/2009,0.22
12/2/2009,0.23
13/2/2009,0.22
17/2/2009,0.25
18/2/2009,0.23
19/2/2009,0.21
20/2/2009,0.20
23/2/2009,0.19
24/2/2009,0.21
25/2/2009,0.21
26/2/2009,0.22
27/2/2009,0.22
2/3/2009,0.22
3/3/2009,0.20
4/3/2009,0.21
5/3/2009,0.20
6/3/2009,0.20
9/3/2009,0.20
10/3/2009,0.20
11/3/2009,0.19
12/3/2009,0.18
13/3/2009,0.15
16/3/2009,0.20
17/3/2009,0.20
18/3/2009,0.18
19/3/2009,0.17
20/3/2009,0.18
23/3/2009,0.17
24/3/2009,0.17
25/3/2009,0.17
26/3/2009,0.16
27/3/2009,0.15
30/3/2009,0.16
31/3/2009,0.16
1/4/2009,0.16
2/4/2009,0.16
3/4/2009,0.13
6/4/2009,0.14
7/4/2009,0.14
8/4/2009,0.14
9/4/2009,0.14
13/4/2009,0.13
14/4/2009,0.16
15/4/2009,0.16
16/4/2009,0.15
17/4/2009,0.13
20/4/2009,0.14
21/4/2009,0.15
22/4/2009,0.15
23/4/2009,0.17
24/4/2009,0.16
27/4/2009,0.17
28/4/2009,0.16
29/4/2009,0.18
30/4/2009,0.20
1/5/2009,0.22
4/5/2009,0.22
5/5/2009,0.20
6/5/2009,0.18
7/5/2009,0.18
8/5/2009,0.17
11/5/2009,0.17
12/5/2009,0.16
13/5/2009,0.16
14/5/2009,0.16
15/5/2009,0.17
18/5/2009,0.16
19/5/2009,0.15
20/5/2009,0.14
21/5/2009,0.17
22/5/2009,0.17
26/5/2009,0.18
27/5/2009,0.17
28/5/2009,0.17
29/5/2009,0.19
1/6/2009,0.21
2/6/2009,0.20
3/6/2009,0.21
4/6/2009,0.20
5/6/2009,0.21
8/6/2009,0.21
9/6/2009,0.18
10/6/2009,0.18
11/6/2009,0.17
12/6/2009,0.17
15/6/2009,0.22
16/6/2009,0.22
17/6/2009,0.24
18/6/2009,0.25
19/6/2009,0.25
22/6/2009,0.24
23/6/2009,0.24
24/6/2009,0.21
25/6/2009,0.19
26/6/2009,0.18
29/6/2009,0.17
30/6/2009,0.22
1/7/2009,0.20
2/7/2009,0.17
6/7/2009,0.18
7/7/2009,0.18
8/7/2009,0.16
9/7/2009,0.15
10/7/2009,0.15
13/7/2009,0.13
14/7/2009,0.13
15/7/2009,0.14
16/7/2009,0.15
17/7/2009,0.15
20/7/2009,0.15
21/7/2009,0.14
22/7/2009,0.14
23/7/2009,0.15
24/7/2009,0.15
27/7/2009,0.16
28/7/2009,0.15
29/7/2009,0.17
30/7/2009,0.17
31/7/2009,0.18
3/8/2009,0.18
4/8/2009,0.17
5/8/2009,0.17
6/8/2009,0.17
7/8/2009,0.17
10/8/2009,0.17
11/8/2009,0.16
12/8/2009,0.15
13/8/2009,0.15
14/8/2009,0.15
17/8/2009,0.17
18/8/2009,0.17
19/8/2009,0.17
20/8/2009,0.17
21/8/2009,0.16
24/8/2009,0.16
25/8/2009,0.15
26/8/2009,0.15
27/8/2009,0.14
28/8/2009,0.14
31/8/2009,0.15
1/9/2009,0.15
2/9/2009,0.16
3/9/2009,0.15
4/9/2009,0.15
8/9/2009,0.15
9/9/2009,0.15
10/9/2009,0.16
11/9/2009,0.15
14/9/2009,0.16
15/9/2009,0.17
16/9/2009,0.17
17/9/2009,0.16
18/9/2009,0.16
21/9/2009,0.15
22/9/2009,0.15
23/9/2009,0.15
24/9/2009,0.14
25/9/2009,0.13
28/9/2009,0.13
29/9/2009,0.11
30/9/2009,0.07
1/10/2009,0.11
2/10/2009,0.13
5/10/2009,0.13
6/10/2009,0.12
7/10/2009,0.13
8/10/2009,0.12
9/10/2009,0.12
13/10/2009,0.12
14/10/2009,0.12
15/10/2009,0.13
16/10/2009,0.12
19/10/2009,0.12
20/10/2009,0.12
21/10/2009,0.11
22/10/2009,0.11
23/10/2009,0.11
26/10/2009,0.11
27/10/2009,0.11
28/10/2009,0.11
29/10/2009,0.11
30/10/2009,0.11
2/11/2009,0.12
3/11/2009,0.12
4/11/2009,0.13
5/11/2009,0.13
6/11/2009,0.12
9/11/2009,0.12
10/11/2009,0.13
12/11/2009,0.12
13/11/2009,0.12
16/11/2009,0.12
17/11/2009,0.12
18/11/2009,0.11
19/11/2009,0.11
20/11/2009,0.11
23/11/2009,0.12
24/11/2009,0.12
25/11/2009,0.11
27/11/2009,0.12
30/11/2009,0.13
1/12/2009,0.13
2/12/2009,0.13
3/12/2009,0.13
4/12/2009,0.12
7/12/2009,0.12
8/12/2009,0.12
9/12/2009,0.12
10/12/2009,0.12
11/12/2009,0.12
14/12/2009,0.12
15/12/2009,0.13
16/12/2009,0.14
17/12/2009,0.13
18/12/2009,0.12
21/12/2009,0.12
22/12/2009,0.12
23/12/2009,0.11
24/12/2009,0.11
28/12/2009,0.12
29/12/2009,0.12
30/12/2009,0.11
31/12/2009,0.05
4/1/2010,0.12
5/1/2010,0.12
6/1/2010,0.12
7/1/2010,0.10
8/1/2010,0.11
11/1/2010,0.11
12/1/2010,0.11
13/1/2010,0.11
14/1/2010,0.11
15/1/2010,0.12
19/1/2010,0.13
20/1/2010,0.13
21/1/2010,0.12
22/1/2010,0.11
25/1/2010,0.12
26/1/2010,0.12
27/1/2010,0.12
28/1/2010,0.12
29/1/2010,0.12
1/2/2010,0.14
2/2/2010,0.14
3/2/2010,0.13
4/2/2010,0.14
5/2/2010,0.13
8/2/2010,0.13
9/2/2010,0.13
10/2/2010,0.12
11/2/2010,0.12
12/2/2010,0.12
16/2/2010,0.13
17/2/2010,0.12
18/2/2010,0.12
19/2/2010,0.13
22/2/2010,0.12
23/2/2010,0.12
24/2/2010,0.11
25/2/2010,0.12
26/2/2010,0.13
1/3/2010,0.14
2/3/2010,0.14
3/3/2010,0.15
4/3/2010,0.16
5/3/2010,0.17
8/3/2010,0.15
9/3/2010,0.14
10/3/2010,0.14
11/3/2010,0.15
12/3/2010,0.17
15/3/2010,0.20
16/3/2010,0.20
17/3/2010,0.18
18/3/2010,0.18
19/3/2010,0.18
22/3/2010,0.18
23/3/2010,0.17
24/3/2010,0.17
25/3/2010,0.17
26/3/2010,0.17
29/3/2010,0.16
30/3/2010,0.16
31/3/2010,0.09
1/4/2010,0.17
2/4/2010,0.20
5/4/2010,0.20
6/4/2010,0.20
7/4/2010,0.19
8/4/2010,0.19
9/4/2010,0.19
12/4/2010,0.19
13/4/2010,0.20
14/4/2010,0.20
15/4/2010,0.22
16/4/2010,0.21
19/4/2010,0.20
20/4/2010,0.20
21/4/2010,0.20
22/4/2010,0.20
23/4/2010,0.20
26/4/2010,0.20
27/4/2010,0.20
28/4/2010,0.20
29/4/2010,0.19
30/4/2010,0.20
3/5/2010,0.20
4/5/2010,0.21
5/5/2010,0.21
6/5/2010,0.20
7/5/2010,0.20
10/5/2010,0.20
11/5/2010,0.20
12/5/2010,0.20
13/5/2010,0.20
14/5/2010,0.20
17/5/2010,0.21
18/5/2010,0.21
19/5/2010,0.20
20/5/2010,0.20
21/5/2010,0.20
24/5/2010,0.21
25/5/2010,0.21
26/5/2010,0.20
27/5/2010,0.20
28/5/2010,0.19
1/6/2010,0.20
2/6/2010,0.20
3/6/2010,0.19
4/6/2010,0.19
7/6/2010,0.19
8/6/2010,0.19
9/6/2010,0.18
10/6/2010,0.18
11/6/2010,0.18
14/6/2010,0.18
15/6/2010,0.19
16/6/2010,0.19
17/6/2010,0.19
18/6/2010,0.18
21/6/2010,0.17
22/6/2010,0.18
23/6/2010,0.17
24/6/2010,0.16
25/6/2010,0.16
28/6/2010,0.17
29/6/2010,0.15
30/6/2010,0.09
1/7/2010,0.17
2/7/2010,0.18
6/7/2010,0.18
7/7/2010,0.18
8/7/2010,0.17
9/7/2010,0.18
12/7/2010,0.17
13/7/2010,0.17
14/7/2010,0.17
15/7/2010,0.19
16/7/2010,0.19
19/7/2010,0.19
20/7/2010,0.18
21/7/2010,0.18
22/7/2010,0.18
23/7/2010,0.19
26/7/2010,0.19
27/7/2010,0.19
28/7/2010,0.20
29/7/2010,0.19
30/7/2010,0.18
2/8/2010,0.19
3/8/2010,0.19
4/8/2010,0.19
5/8/2010,0.19
6/8/2010,0.18
9/8/2010,0.18
10/8/2010,0.18
11/8/2010,0.17
12/8/2010,0.18
13/8/2010,0.19
16/8/2010,0.20
17/8/2010,0.20
18/8/2010,0.19
19/8/2010,0.19
20/8/2010,0.20
23/8/2010,0.19
24/8/2010,0.19
25/8/2010,0.19
26/8/2010,0.19
27/8/2010,0.19
30/8/2010,0.19
31/8/2010,0.21
1/9/2010,0.19
2/9/2010,0.19
3/9/2010,0.19
7/9/2010,0.20
8/9/2010,0.19
9/9/2010,0.18
10/9/2010,0.18
13/9/2010,0.18
14/9/2010,0.19
15/9/2010,0.21
16/9/2010,0.21
17/9/2010,0.21
20/9/2010,0.21
21/9/2010,0.20
22/9/2010,0.21
23/9/2010,0.20
24/9/2010,0.21
27/9/2010,0.19
28/9/2010,0.19
29/9/2010,0.19
30/9/2010,0.15
1/10/2010,0.20
4/10/2010,0.20
5/10/2010,0.20
6/10/2010,0.19
7/10/2010,0.18
8/10/2010,0.18
12/10/2010,0.18
13/10/2010,0.18
14/10/2010,0.19
15/10/2010,0.20
18/10/2010,0.19
19/10/2010,0.19
20/10/2010,0.19
21/10/2010,0.19
22/10/2010,0.19
25/10/2010,0.19
26/10/2010,0.19
27/10/2010,0.19
28/10/2010,0.19
29/10/2010,0.20
1/11/2010,0.20
2/11/2010,0.20
3/11/2010,0.20
4/11/2010,0.19
5/11/2010,0.18
8/11/2010,0.18
9/11/2010,0.17
10/11/2010,0.17
12/11/2010,0.19
15/11/2010,0.21
16/11/2010,0.21
17/11/2010,0.20
18/11/2010,0.20
19/11/2010,0.21
22/11/2010,0.19
23/11/2010,0.20
24/11/2010,0.20
26/11/2010,0.20
29/11/2010,0.20
30/11/2010,0.20
1/12/2010,0.20
2/12/2010,0.19
3/12/2010,0.18
6/12/2010,0.18
7/12/2010,0.17
8/12/2010,0.17
9/12/2010,0.16
10/12/2010,0.16
13/12/2010,0.17
14/12/2010,0.19
15/12/2010,0.20
16/12/2010,0.20
17/12/2010,0.20
20/12/2010,0.21
21/12/2010,0.20
22/12/2010,0.19
23/12/2010,0.19
27/12/2010,0.19
28/12/2010,0.18
29/12/2010,0.18
30/12/2010,0.19
31/12/2010,0.13
3/1/2011,0.19
4/1/2011,0.18
5/1/2011,0.18
6/1/2011,0.17
7/1/2011,0.17
10/1/2011,0.17
11/1/2011,0.17
12/1/2011,0.16
13/1/2011,0.16
14/1/2011,0.16
18/1/2011,0.19
19/1/2011,0.18
20/1/2011,0.18
21/1/2011,0.17
24/1/2011,0.18
25/1/2011,0.17
26/1/2011,0.17
27/1/2011,0.17
28/1/2011,0.17
31/1/2011,0.17
1/2/2011,0.18
2/2/2011,0.18
3/2/2011,0.17
4/2/2011,0.17
7/2/2011,0.17
8/2/2011,0.16
9/2/2011,0.15
10/2/2011,0.15
11/2/2011,0.15
14/2/2011,0.15
15/2/2011,0.16
16/2/2011,0.15
17/2/2011,0.15
18/2/2011,0.15
22/2/2011,0.15
23/2/2011,0.15
24/2/2011,0.15
25/2/2011,0.15
28/2/2011,0.16
1/3/2011,0.15
2/3/2011,0.16
3/3/2011,0.15
4/3/2011,0.15
7/3/2011,0.14
8/3/2011,0.14
9/3/2011,0.14
10/3/2011,0.14
11/3/2011,0.13
14/3/2011,0.14
15/3/2011,0.14
16/3/2011,0.14
17/3/2011,0.14
18/3/2011,0.15
21/3/2011,0.14
22/3/2011,0.14
23/3/2011,0.14
24/3/2011,0.13
25/3/2011,0.13
28/3/2011,0.13
29/3/2011,0.13
30/3/2011,0.13
31/3/2011,0.10
1/4/2011,0.11
4/4/2011,0.09
5/4/2011,0.09
6/4/2011,0.10
7/4/2011,0.10
8/4/2011,0.09
11/4/2011,0.09
12/4/2011,0.08
13/4/2011,0.08
14/4/2011,0.09
15/4/2011,0.12
18/4/2011,0.10
19/4/2011,0.11
20/4/2011,0.10
21/4/2011,0.10
25/4/2011,0.10
26/4/2011,0.09
27/4/2011,0.09
28/4/2011,0.09
29/4/2011,0.09
2/5/2011,0.09
3/5/2011,0.09
4/5/2011,0.09
5/5/2011,0.09
6/5/2011,0.09
9/5/2011,0.09
10/5/2011,0.09
11/5/2011,0.09
12/5/2011,0.09
13/5/2011,0.09
16/5/2011,0.10
17/5/2011,0.09
18/5/2011,0.10
19/5/2011,0.09
20/5/2011,0.10
23/5/2011,0.10
24/5/2011,0.10
25/5/2011,0.09
26/5/2011,0.09
27/5/2011,0.10
31/5/2011,0.10
1/6/2011,0.10
2/6/2011,0.10
3/6/2011,0.11
6/6/2011,0.10
7/6/2011,0.09
8/6/2011,0.09
9/6/2011,0.09
10/6/2011,0.09
13/6/2011,0.10
14/6/2011,0.10
15/6/2011,0.10
16/6/2011,0.10
17/6/2011,0.10
20/6/2011,0.09
21/6/2011,0.09
22/6/2011,0.09
23/6/2011,0.08
24/6/2011,0.08
27/6/2011,0.08
28/6/2011,0.08
29/6/2011,0.07
30/6/2011,0.07
1/7/2011,0.08
5/7/2011,0.08
6/7/2011,0.07
7/7/2011,0.07
8/7/2011,0.07
11/7/2011,0.07
12/7/2011,0.06
13/7/2011,0.06
14/7/2011,0.06
15/7/2011,0.06
18/7/2011,0.06
19/7/2011,0.06
20/7/2011,0.06
21/7/2011,0.06
22/7/2011,0.06
25/7/2011,0.06
26/7/2011,0.06
27/7/2011,0.07
28/7/2011,0.08
29/7/2011,0.11
1/8/2011,0.17
2/8/2011,0.16
3/8/2011,0.12
4/8/2011,0.09
5/8/2011,0.08
8/8/2011,0.11
9/8/2011,0.10
10/8/2011,0.10
11/8/2011,0.09
12/8/2011,0.10
15/8/2011,0.10
16/8/2011,0.09
17/8/2011,0.09
18/8/2011,0.09
19/8/2011,0.09
22/8/2011,0.09
23/8/2011,0.08
24/8/2011,0.08
25/8/2011,0.08
26/8/2011,0.09
29/8/2011,0.09
30/8/2011,0.08
31/8/2011,0.08
1/9/2011,0.08
2/9/2011,0.08
6/9/2011,0.09
7/9/2011,0.09
8/9/2011,0.09
9/9/2011,0.09
12/9/2011,0.09
13/9/2011,0.09
14/9/2011,0.08
15/9/2011,0.09
16/9/2011,0.09
19/9/2011,0.09
20/9/2011,0.09
21/9/2011,0.08
22/9/2011,0.08
23/9/2011,0.08
26/9/2011,0.08
27/9/2011,0.08
28/9/2011,0.08
29/9/2011,0.08
30/9/2011,0.06
3/10/2011,0.08
4/10/2011,0.07
5/10/2011,0.07
6/10/2011,0.07
7/10/2011,0.07
11/10/2011,0.07
12/10/2011,0.07
13/10/2011,0.07
14/10/2011,0.07
17/10/2011,0.07
18/10/2011,0.07
19/10/2011,0.07
20/10/2011,0.07
21/10/2011,0.07
24/10/2011,0.07
25/10/2011,0.07
26/10/2011,0.08
27/10/2011,0.07
28/10/2011,0.07
31/10/2011,0.09
1/11/2011,0.08
2/11/2011,0.08
3/11/2011,0.09
4/11/2011,0.08
7/11/2011,0.08
8/11/2011,0.08
9/11/2011,0.08
10/11/2011,0.08
14/11/2011,0.08
15/11/2011,0.09
16/11/2011,0.08
17/11/2011,0.08
18/11/2011,0.08
21/11/2011,0.08
22/11/2011,0.08
23/11/2011,0.09
25/11/2011,0.07
28/11/2011,0.08
29/11/2011,0.08
30/11/2011,0.10
1/12/2011,0.08
2/12/2011,0.08
5/12/2011,0.08
6/12/2011,0.08
7/12/2011,0.08
8/12/2011,0.07
9/12/2011,0.07
12/12/2011,0.07
13/12/2011,0.07
14/12/2011,0.07
15/12/2011,0.07
16/12/2011,0.07
19/12/2011,0.07
20/12/2011,0.07
21/12/2011,0.07
22/12/2011,0.07
23/12/2011,0.08
27/12/2011,0.07
28/12/2011,0.07
29/12/2011,0.07
30/12/2011,0.04
3/1/2012,0.07
4/1/2012,0.07
5/1/2012,0.07
6/1/2012,0.07
9/1/2012,0.08
10/1/2012,0.08
11/1/2012,0.08
12/1/2012,0.08
13/1/2012,0.09
17/1/2012,0.09
18/1/2012,0.09
19/1/2012,0.10
20/1/2012,0.09
23/1/2012,0.09
24/1/2012,0.09
25/1/2012,0.08
26/1/2012,0.08
27/1/2012,0.09
30/1/2012,0.09
31/1/2012,0.11
1/2/2012,0.11
2/2/2012,0.11
3/2/2012,0.11
6/2/2012,0.11
7/2/2012,0.11
8/2/2012,0.11
9/2/2012,0.11
10/2/2012,0.12
13/2/2012,0.12
14/2/2012,0.12
15/2/2012,0.12
16/2/2012,0.11
17/2/2012,0.09
21/2/2012,0.10
22/2/2012,0.08
23/2/2012,0.08
24/2/2012,0.09
27/2/2012,0.10
28/2/2012,0.10
29/2/2012,0.10
1/3/2012,0.11
2/3/2012,0.11
5/3/2012,0.11
6/3/2012,0.11
7/3/2012,0.11
8/3/2012,0.11
9/3/2012,0.12
12/3/2012,0.12
13/3/2012,0.12
14/3/2012,0.13
15/3/2012,0.14
16/3/2012,0.15
19/3/2012,0.15
20/3/2012,0.15
21/3/2012,0.15
22/3/2012,0.14
23/3/2012,0.14
26/3/2012,0.14
27/3/2012,0.14
28/3/2012,0.13
29/3/2012,0.13
30/3/2012,0.09
2/4/2012,0.15
3/4/2012,0.15
4/4/2012,0.15
5/4/2012,0.15
6/4/2012,0.12
9/4/2012,0.16
10/4/2012,0.15
11/4/2012,0.16
12/4/2012,0.15
13/4/2012,0.15
16/4/2012,0.15
17/4/2012,0.16
18/4/2012,0.15
19/4/2012,0.13
20/4/2012,0.12
23/4/2012,0.13
24/4/2012,0.14
25/4/2012,0.15
26/4/2012,0.14
27/4/2012,0.13
30/4/2012,0.16
1/5/2012,0.16
2/5/2012,0.15
3/5/2012,0.15
4/5/2012,0.16
7/5/2012,0.16
8/5/2012,0.16
9/5/2012,0.15
10/5/2012,0.15
11/5/2012,0.15
14/5/2012,0.16
15/5/2012,0.16
16/5/2012,0.16
17/5/2012,0.16
18/5/2012,0.16
21/5/2012,0.16
22/5/2012,0.16
23/5/2012,0.15
24/5/2012,0.15
25/5/2012,0.15
29/5/2012,0.16
30/5/2012,0.16
31/5/2012,0.16
1/6/2012,0.16
4/6/2012,0.17
5/6/2012,0.17
6/6/2012,0.16
7/6/2012,0.16
8/6/2012,0.17
11/6/2012,0.17
12/6/2012,0.16
13/6/2012,0.17
14/6/2012,0.17
15/6/2012,0.18
18/6/2012,0.17
19/6/2012,0.17
20/6/2012,0.16
21/6/2012,0.17
22/6/2012,0.17
25/6/2012,0.17
26/6/2012,0.16
27/6/2012,0.15
28/6/2012,0.15
29/6/2012,0.09
2/7/2012,0.18
3/7/2012,0.17
5/7/2012,0.17
6/7/2012,0.17
9/7/2012,0.17
10/7/2012,0.17
11/7/2012,0.17
12/7/2012,0.18
13/7/2012,0.19
16/7/2012,0.18
17/7/2012,0.17
18/7/2012,0.16
19/7/2012,0.13
20/7/2012,0.13
23/7/2012,0.14
24/7/2012,0.15
25/7/2012,0.15
26/7/2012,0.14
27/7/2012,0.14
30/7/2012,0.14
31/7/2012,0.13
1/8/2012,0.14
2/8/2012,0.14
3/8/2012,0.14
6/8/2012,0.14
7/8/2012,0.13
8/8/2012,0.13
9/8/2012,0.13
10/8/2012,0.13
13/8/2012,0.13
14/8/2012,0.13
15/8/2012,0.13
16/8/2012,0.13
17/8/2012,0.13
20/8/2012,0.13
21/8/2012,0.13
22/8/2012,0.13
23/8/2012,0.13
24/8/2012,0.13
27/8/2012,0.13
28/8/2012,0.13
29/8/2012,0.13
30/8/2012,0.14
31/8/2012,0.13
4/9/2012,0.14
5/9/2012,0.16
6/9/2012,0.16
7/9/2012,0.15
10/9/2012,0.15
11/9/2012,0.15
12/9/2012,0.15
13/9/2012,0.15
14/9/2012,0.16
17/9/2012,0.16
18/9/2012,0.16
19/9/2012,0.15
20/9/2012,0.16
21/9/2012,0.15
24/9/2012,0.16
25/9/2012,0.15
26/9/2012,0.15
27/9/2012,0.14
28/9/2012,0.09
1/10/2012,0.15
2/10/2012,0.16
3/10/2012,0.16
4/10/2012,0.15
5/10/2012,0.15
9/10/2012,0.16
10/10/2012,0.16
11/10/2012,0.16
12/10/2012,0.16
15/10/2012,0.16
16/10/2012,0.16
17/10/2012,0.15
18/10/2012,0.15
19/10/2012,0.16
22/10/2012,0.15
23/10/2012,0.15
24/10/2012,0.17
25/10/2012,0.16
26/10/2012,0.16
29/10/2012,0.17
31/10/2012,0.18
1/11/2012,0.17
2/11/2012,0.16
5/11/2012,0.17
6/11/2012,0.16
7/11/2012,0.16
8/11/2012,0.16
9/11/2012,0.16
13/11/2012,0.16
14/11/2012,0.16
15/11/2012,0.16
16/11/2012,0.16
19/11/2012,0.16
20/11/2012,0.16
21/11/2012,0.16
23/11/2012,0.16
26/11/2012,0.16
27/11/2012,0.16
28/11/2012,0.16
29/11/2012,0.16
30/11/2012,0.16
3/12/2012,0.16
4/12/2012,0.17
5/12/2012,0.16
6/12/2012,0.16
7/12/2012,0.16
10/12/2012,0.16
11/12/2012,0.17
12/12/2012,0.17
13/12/2012,0.16
14/12/2012,0.17
17/12/2012,0.16
18/12/2012,0.17
19/12/2012,0.17
20/12/2012,0.17
21/12/2012,0.17
24/12/2012,0.18
26/12/2012,0.17
27/12/2012,0.17
28/12/2012,0.17
31/12/2012,0.09
2/1/2013,0.17
3/1/2013,0.17
4/1/2013,0.16
7/1/2013,0.16
8/1/2013,0.15
9/1/2013,0.14
10/1/2013,0.14
11/1/2013,0.14
14/1/2013,0.14
15/1/2013,0.15
16/1/2013,0.14
17/1/2013,0.14
18/1/2013,0.14
22/1/2013,0.14
23/1/2013,0.13
24/1/2013,0.15
25/1/2013,0.14
28/1/2013,0.14
29/1/2013,0.12
30/1/2013,0.12
31/1/2013,0.15
1/2/2013,0.14
4/2/2013,0.13
5/2/2013,0.13
6/2/2013,0.13
7/2/2013,0.13
8/2/2013,0.14
11/2/2013,0.14
12/2/2013,0.13
13/2/2013,0.14
14/2/2013,0.14
15/2/2013,0.16
19/2/2013,0.15
20/2/2013,0.15
21/2/2013,0.16
22/2/2013,0.16
25/2/2013,0.15
26/2/2013,0.14
27/2/2013,0.14
28/2/2013,0.14
1/3/2013,0.14
4/3/2013,0.16
5/3/2013,0.15
6/3/2013,0.15
7/3/2013,0.16
8/3/2013,0.15
11/3/2013,0.16
12/3/2013,0.15
13/3/2013,0.14
14/3/2013,0.15
15/3/2013,0.16
18/3/2013,0.16
19/3/2013,0.15
20/3/2013,0.15
21/3/2013,0.16
22/3/2013,0.15
25/3/2013,0.15
26/3/2013,0.14
27/3/2013,0.12
28/3/2013,0.13
1/4/2013,0.16
2/4/2013,0.15
3/4/2013,0.14
4/4/2013,0.14
5/4/2013,0.15
8/4/2013,0.15
9/4/2013,0.15
10/4/2013,0.15
11/4/2013,0.15
12/4/2013,0.15
15/4/2013,0.15
16/4/2013,0.15
17/4/2013,0.15
18/4/2013,0.15
19/4/2013,0.15
22/4/2013,0.15
23/4/2013,0.14
24/4/2013,0.13
25/4/2013,0.13
26/4/2013,0.13
29/4/2013,0.13
30/4/2013,0.14
1/5/2013,0.14
2/5/2013,0.15
3/5/2013,0.14
6/5/2013,0.14
7/5/2013,0.12
8/5/2013,0.12
9/5/2013,0.12
10/5/2013,0.12
13/5/2013,0.12
14/5/2013,0.11
15/5/2013,0.12
16/5/2013,0.11
17/5/2013,0.10
20/5/2013,0.10
21/5/2013,0.09
22/5/2013,0.08
23/5/2013,0.08
24/5/2013,0.09
28/5/2013,0.09
29/5/2013,0.08
30/5/2013,0.08
31/5/2013,0.09
3/6/2013,0.10
4/6/2013,0.11
5/6/2013,0.09
6/6/2013,0.10
7/6/2013,0.09
10/6/2013,0.09
11/6/2013,0.09
12/6/2013,0.08
13/6/2013,0.09
14/6/2013,0.10
17/6/2013,0.11
18/6/2013,0.12
19/6/2013,0.10
20/6/2013,0.10
21/6/2013,0.10
24/6/2013,0.10
25/6/2013,0.09
26/6/2013,0.09
27/6/2013,0.09
28/6/2013,0.07
1/7/2013,0.10
2/7/2013,0.10
3/7/2013,0.10
5/7/2013,0.10
8/7/2013,0.10
9/7/2013,0.10
10/7/2013,0.09
11/7/2013,0.09
12/7/2013,0.09
15/7/2013,0.09
16/7/2013,0.09
17/7/2013,0.09
18/7/2013,0.09
19/7/2013,0.09
22/7/2013,0.09
23/7/2013,0.09
24/7/2013,0.09
25/7/2013,0.09
26/7/2013,0.09
29/7/2013,0.08
30/7/2013,0.09
31/7/2013,0.09
1/8/2013,0.08
2/8/2013,0.09
5/8/2013,0.08
6/8/2013,0.09
7/8/2013,0.09
8/8/2013,0.09
9/8/2013,0.08
12/8/2013,0.08
13/8/2013,0.08
14/8/2013,0.09
15/8/2013,0.08
16/8/2013,0.09
19/8/2013,0.09
20/8/2013,0.09
21/8/2013,0.08
22/8/2013,0.09
23/8/2013,0.08
26/8/2013,0.08
27/8/2013,0.07
28/8/2013,0.07
29/8/2013,0.08
30/8/2013,0.07
3/9/2013,0.09
4/9/2013,0.08
5/9/2013,0.08
6/9/2013,0.08
9/9/2013,0.08
10/9/2013,0.08
11/9/2013,0.08
12/9/2013,0.08
13/9/2013,0.08
16/9/2013,0.08
17/9/2013,0.08
18/9/2013,0.08
19/9/2013,0.09
20/9/2013,0.08
23/9/2013,0.09
24/9/2013,0.09
25/9/2013,0.08
26/9/2013,0.08
27/9/2013,0.08
30/9/2013,0.06
1/10/2013,0.08
2/10/2013,0.07
3/10/2013,0.08
4/10/2013,0.08
7/10/2013,0.08
8/10/2013,0.08
9/10/2013,0.09
10/10/2013,0.09
11/10/2013,0.10
15/10/2013,0.10
16/10/2013,0.11
17/10/2013,0.10
18/10/2013,0.10
21/10/2013,0.09
22/10/2013,0.08
23/10/2013,0.08
24/10/2013,0.08
25/10/2013,0.08
28/10/2013,0.08
29/10/2013,0.08
30/10/2013,0.08
31/10/2013,0.07
1/11/2013,0.08
4/11/2013,0.08
5/11/2013,0.08
6/11/2013,0.08
7/11/2013,0.08
8/11/2013,0.08
12/11/2013,0.08
13/11/2013,0.08
14/11/2013,0.09
15/11/2013,0.09
18/11/2013,0.09
19/11/2013,0.09
20/11/2013,0.09
21/11/2013,0.09
22/11/2013,0.09
25/11/2013,0.09
26/11/2013,0.09
27/11/2013,0.09
29/11/2013,0.07
2/12/2013,0.09
3/12/2013,0.09
4/12/2013,0.09
5/12/2013,0.09
6/12/2013,0.09
9/12/2013,0.09
10/12/2013,0.09
11/12/2013,0.08
12/12/2013,0.09
13/12/2013,0.08
16/12/2013,0.09
17/12/2013,0.09
18/12/2013,0.09
19/12/2013,0.09
20/12/2013,0.09
23/12/2013,0.09
24/12/2013,0.08
26/12/2013,0.08
27/12/2013,0.08
30/12/2013,0.08
31/12/2013,0.07
2/1/2014,0.08
3/1/2014,0.08
6/1/2014,0.08
7/1/2014,0.07
8/1/2014,0.07
9/1/2014,0.07
10/1/2014,0.07
13/1/2014,0.07
14/1/2014,0.07
15/1/2014,0.07
16/1/2014,0.07
17/1/2014,0.07
21/1/2014,0.07
22/1/2014,0.07
23/1/2014,0.07
24/1/2014,0.07
27/1/2014,0.07
28/1/2014,0.07
29/1/2014,0.07
30/1/2014,0.07
31/1/2014,0.07
3/2/2014,0.07
4/2/2014,0.07
5/2/2014,0.07
6/2/2014,0.07
7/2/2014,0.06
10/2/2014,0.07
11/2/2014,0.06
12/2/2014,0.07
13/2/2014,0.06
14/2/2014,0.06
18/2/2014,0.07
19/2/2014,0.07
20/2/2014,0.07
21/2/2014,0.07
24/2/2014,0.07
25/2/2014,0.07
26/2/2014,0.07
27/2/2014,0.07
28/2/2014,0.06
3/3/2014,0.07
4/3/2014,0.07
5/3/2014,0.08
6/3/2014,0.08
7/3/2014,0.08
10/3/2014,0.08
11/3/2014,0.08
12/3/2014,0.08
13/3/2014,0.08
14/3/2014,0.08
17/3/2014,0.08
18/3/2014,0.08
19/3/2014,0.08
20/3/2014,0.08
21/3/2014,0.08
24/3/2014,0.09
25/3/2014,0.09
26/3/2014,0.08
27/3/2014,0.08
28/3/2014,0.08
31/3/2014,0.06
1/4/2014,0.08
2/4/2014,0.09
3/4/2014,0.08
4/4/2014,0.08
7/4/2014,0.09
8/4/2014,0.08
9/4/2014,0.08
10/4/2014,0.08
11/4/2014,0.09
14/4/2014,0.09
15/4/2014,0.10
16/4/2014,0.09
17/4/2014,0.09
21/4/2014,0.10
22/4/2014,0.10
23/4/2014,0.10
24/4/2014,0.10
25/4/2014,0.09
28/4/2014,0.09
29/4/2014,0.10
30/4/2014,0.09
1/5/2014,0.09
2/5/2014,0.09
5/5/2014,0.09
6/5/2014,0.09
7/5/2014,0.08
8/5/2014,0.08
9/5/2014,0.08
12/5/2014,0.08
13/5/2014,0.09
14/5/2014,0.08
15/5/2014,0.09
16/5/2014,0.09
19/5/2014,0.09
20/5/2014,0.09
21/5/2014,0.09
22/5/2014,0.09
23/5/2014,0.09
27/5/2014,0.09
28/5/2014,0.09
29/5/2014,0.09
30/5/2014,0.08
2/6/2014,0.09
3/6/2014,0.10
4/6/2014,0.09
5/6/2014,0.09
6/6/2014,0.09
9/6/2014,0.09
10/6/2014,0.09
11/6/2014,0.09
12/6/2014,0.09
13/6/2014,0.10
16/6/2014,0.10
17/6/2014,0.10
18/6/2014,0.10
19/6/2014,0.10
20/6/2014,0.10
23/6/2014,0.10
24/6/2014,0.10
25/6/2014,0.10
26/6/2014,0.10
27/6/2014,0.10
30/6/2014,0.09
1/7/2014,0.10
2/7/2014,0.10
3/7/2014,0.09
7/7/2014,0.10
8/7/2014,0.09
9/7/2014,0.09
10/7/2014,0.09
11/7/2014,0.09
14/7/2014,0.09
15/7/2014,0.09
16/7/2014,0.09
17/7/2014,0.09
18/7/2014,0.09
21/7/2014,0.10
22/7/2014,0.09
23/7/2014,0.09
24/7/2014,0.09
25/7/2014,0.09
28/7/2014,0.09
29/7/2014,0.09
30/7/2014,0.09
31/7/2014,0.08
1/8/2014,0.09
4/8/2014,0.09
5/8/2014,0.09
6/8/2014,0.09
7/8/2014,0.09
8/8/2014,0.09
11/8/2014,0.09
12/8/2014,0.09
13/8/2014,0.09
14/8/2014,0.09
15/8/2014,0.09
18/8/2014,0.09
19/8/2014,0.09
20/8/2014,0.09
21/8/2014,0.09
22/8/2014,0.09
25/8/2014,0.09
26/8/2014,0.09
27/8/2014,0.09
28/8/2014,0.09
29/8/2014,0.07
2/9/2014,0.09
3/9/2014,0.09
4/9/2014,0.09
5/9/2014,0.09
8/9/2014,0.09
9/9/2014,0.09
10/9/2014,0.09
11/9/2014,0.09
12/9/2014,0.09
15/9/2014,0.09
16/9/2014,0.09
17/9/2014,0.09
18/9/2014,0.09
19/9/2014,0.09
22/9/2014,0.09
23/9/2014,0.09
24/9/2014,0.09
25/9/2014,0.09
26/9/2014,0.09
29/9/2014,0.08
30/9/2014,0.07
1/10/2014,0.09
2/10/2014,0.09
3/10/2014,0.09
6/10/2014,0.09
7/10/2014,0.09
8/10/2014,0.09
9/10/2014,0.08
10/10/2014,0.09
14/10/2014,0.09
15/10/2014,0.09
16/10/2014,0.09
17/10/2014,0.09
20/10/2014,0.09
21/10/2014,0.09
22/10/2014,0.09
23/10/2014,0.09
24/10/2014,0.09
27/10/2014,0.09
28/10/2014,0.09
29/10/2014,0.09
30/10/2014,0.09
31/10/2014,0.07
3/11/2014,0.09
4/11/2014,0.10
5/11/2014,0.09
6/11/2014,0.09
7/11/2014,0.09
10/11/2014,0.09
12/11/2014,0.09
13/11/2014,0.09
14/11/2014,0.09
17/11/2014,0.10
18/11/2014,0.11
19/11/2014,0.10
20/11/2014,0.10
21/11/2014,0.10
24/11/2014,0.10
25/11/2014,0.10
26/11/2014,0.10
28/11/2014,0.08
1/12/2014,0.13
2/12/2014,0.12
3/12/2014,0.12
4/12/2014,0.12
5/12/2014,0.12
8/12/2014,0.12
9/12/2014,0.12
10/12/2014,0.12
11/12/2014,0.12
12/12/2014,0.12
15/12/2014,0.11
16/12/2014,0.12
17/12/2014,0.13
18/12/2014,0.13
19/12/2014,0.13
22/12/2014,0.13
23/12/2014,0.13
24/12/2014,0.13
26/12/2014,0.13
29/12/2014,0.13
30/12/2014,0.13
31/12/2014,0.06
2/1/2015,0.12
5/1/2015,0.12
6/1/2015,0.12
7/1/2015,0.12
8/1/2015,0.12
9/1/2015,0.12
12/1/2015,0.12
13/1/2015,0.12
14/1/2015,0.12
15/1/2015,0.12
16/1/2015,0.13
20/1/2015,0.12
21/1/2015,0.12
22/1/2015,0.12
23/1/2015,0.12
26/1/2015,0.12
27/1/2015,0.11
28/1/2015,0.12
29/1/2015,0.11
30/1/2015,0.06
2/2/2015,0.12
3/2/2015,0.12
4/2/2015,0.11
5/2/2015,0.12
6/2/2015,0.11
9/2/2015,0.12
10/2/2015,0.12
11/2/2015,0.12
12/2/2015,0.12
13/2/2015,0.12
17/2/2015,0.12
18/2/2015,0.12
19/2/2015,0.12
20/2/2015,0.12
23/2/2015,0.11
24/2/2015,0.11
25/2/2015,0.11
26/2/2015,0.11
27/2/2015,0.06
2/3/2015,0.12
3/3/2015,0.12
4/3/2015,0.11
5/3/2015,0.11
6/3/2015,0.12
9/3/2015,0.12
10/3/2015,0.12
11/3/2015,0.11
12/3/2015,0.11
13/3/2015,0.11
16/3/2015,0.12
17/3/2015,0.12
18/3/2015,0.11
19/3/2015,0.12
20/3/2015,0.12
23/3/2015,0.12
24/3/2015,0.11
25/3/2015,0.12
26/3/2015,0.11
27/3/2015,0.12
30/3/2015,0.12
31/3/2015,0.06
1/4/2015,0.12
2/4/2015,0.12
3/4/2015,0.12
6/4/2015,0.13
7/4/2015,0.12
8/4/2015,0.12
9/4/2015,0.12
10/4/2015,0.12
13/4/2015,0.13
14/4/2015,0.13
15/4/2015,0.13
16/4/2015,0.13
17/4/2015,0.13
20/4/2015,0.13
21/4/2015,0.13
22/4/2015,0.13
23/4/2015,0.13
24/4/2015,0.13
27/4/2015,0.13
28/4/2015,0.13
29/4/2015,0.13
30/4/2015,0.08
1/5/2015,0.13
4/5/2015,0.13
5/5/2015,0.13
6/5/2015,0.13
7/5/2015,0.13
8/5/2015,0.13
11/5/2015,0.13
12/5/2015,0.13
13/5/2015,0.13
14/5/2015,0.13
15/5/2015,0.13
18/5/2015,0.13
19/5/2015,0.12
20/5/2015,0.12
21/5/2015,0.12
22/5/2015,0.13
26/5/2015,0.12
27/5/2015,0.12
28/5/2015,0.12
29/5/2015,0.08
1/6/2015,0.12
2/6/2015,0.12
3/6/2015,0.13
4/6/2015,0.13
5/6/2015,0.13
8/6/2015,0.13
9/6/2015,0.13
10/6/2015,0.13
11/6/2015,0.13
12/6/2015,0.13
15/6/2015,0.13
16/6/2015,0.14
17/6/2015,0.14
18/6/2015,0.14
19/6/2015,0.13
22/6/2015,0.13
23/6/2015,0.13
24/6/2015,0.13
25/6/2015,0.13
26/6/2015,0.13
29/6/2015,0.14
30/6/2015,0.08
1/7/2015,0.13
2/7/2015,0.13
6/7/2015,0.13
7/7/2015,0.13
8/7/2015,0.13
9/7/2015,0.13
10/7/2015,0.13
13/7/2015,0.13
14/7/2015,0.13
15/7/2015,0.13
16/7/2015,0.14
17/7/2015,0.13
20/7/2015,0.14
21/7/2015,0.13
22/7/2015,0.13
23/7/2015,0.13
24/7/2015,0.13
27/7/2015,0.14
28/7/2015,0.14
29/7/2015,0.14
30/7/2015,0.14
31/7/2015,0.08
3/8/2015,0.14
4/8/2015,0.14
5/8/2015,0.14
6/8/2015,0.14
7/8/2015,0.14
10/8/2015,0.14
11/8/2015,0.15
12/8/2015,0.15
13/8/2015,0.15
14/8/2015,0.14
17/8/2015,0.15
18/8/2015,0.15
19/8/2015,0.15
20/8/2015,0.15
21/8/2015,0.15
24/8/2015,0.15
25/8/2015,0.15
26/8/2015,0.14
27/8/2015,0.14
28/8/2015,0.14
31/8/2015,0.08
1/9/2015,0.14
2/9/2015,0.14
3/9/2015,0.14
4/9/2015,0.14
8/9/2015,0.14
9/9/2015,0.14
10/9/2015,0.14
11/9/2015,0.14
14/9/2015,0.14
15/9/2015,0.14
16/9/2015,0.14
17/9/2015,0.14
18/9/2015,0.14
21/9/2015,0.14
22/9/2015,0.14
23/9/2015,0.14
24/9/2015,0.14
25/9/2015,0.13
28/9/2015,0.13
29/9/2015,0.13
30/9/2015,0.07
1/10/2015,0.13
2/10/2015,0.13
5/10/2015,0.13
6/10/2015,0.13
7/10/2015,0.13
8/10/2015,0.13
9/10/2015,0.13
13/10/2015,0.13
14/10/2015,0.13
15/10/2015,0.13
16/10/2015,0.13
19/10/2015,0.13
20/10/2015,0.13
21/10/2015,0.13
22/10/2015,0.12
23/10/2015,0.12
26/10/2015,0.12
27/10/2015,0.12
28/10/2015,0.12
29/10/2015,0.12
30/10/2015,0.07
2/11/2015,0.12
3/11/2015,0.12
4/11/2015,0.12
5/11/2015,0.12
6/11/2015,0.12
9/11/2015,0.12
10/11/2015,0.12
12/11/2015,0.12
13/11/2015,0.12
16/11/2015,0.13
17/11/2015,0.13
18/11/2015,0.12
19/11/2015,0.12
20/11/2015,0.12
23/11/2015,0.12
24/11/2015,0.12
25/11/2015,0.12
27/11/2015,0.12
30/11/2015,0.08
1/12/2015,0.13
2/12/2015,0.13
3/12/2015,0.13
4/12/2015,0.13
7/12/2015,0.13
8/12/2015,0.13
9/12/2015,0.14
10/12/2015,0.14
11/12/2015,0.14
14/12/2015,0.15
15/12/2015,0.15
16/12/2015,0.15
17/12/2015,0.37
18/12/2015,0.37
21/12/2015,0.36
22/12/2015,0.36
23/12/2015,0.36
24/12/2015,0.36
28/12/2015,0.36
29/12/2015,0.36
30/12/2015,0.35
31/12/2015,0.20
4/1/2016,0.36
5/1/2016,0.36
6/1/2016,0.36
7/1/2016,0.36
8/1/2016,0.36
11/1/2016,0.36
12/1/2016,0.36
13/1/2016,0.36
14/1/2016,0.36
15/1/2016,0.36
19/1/2016,0.36
20/1/2016,0.37
21/1/2016,0.37
22/1/2016,0.38
25/1/2016,0.38
26/1/2016,0.38
27/1/2016,0.38
28/1/2016,0.38
29/1/2016,0.29
1/2/2016,0.38
2/2/2016,0.38
3/2/2016,0.38
4/2/2016,0.38
5/2/2016,0.38
8/2/2016,0.38
9/2/2016,0.38
10/2/2016,0.38
11/2/2016,0.38
12/2/2016,0.38
16/2/2016,0.38
17/2/2016,0.37
18/2/2016,0.38
19/2/2016,0.38
22/2/2016,0.38
23/2/2016,0.38
24/2/2016,0.38
25/2/2016,0.37
26/2/2016,0.37
29/2/2016,0.29
1/3/2016,0.36
2/3/2016,0.37
3/3/2016,0.37
4/3/2016,0.36
7/3/2016,0.36
8/3/2016,0.36
9/3/2016,0.36
10/3/2016,0.36
11/3/2016,0.36
14/3/2016,0.36
15/3/2016,0.37
16/3/2016,0.37
17/3/2016,0.37
18/3/2016,0.37
21/3/2016,0.37
22/3/2016,0.37
23/3/2016,0.37
24/3/2016,0.37
28/3/2016,0.37
29/3/2016,0.37
30/3/2016,0.37
31/3/2016,0.25
1/4/2016,0.37
4/4/2016,0.37
5/4/2016,0.37
6/4/2016,0.37
7/4/2016,0.37
8/4/2016,0.37
11/4/2016,0.37
12/4/2016,0.37
13/4/2016,0.37
14/4/2016,0.37
15/4/2016,0.37
18/4/2016,0.37
19/4/2016,0.37
20/4/2016,0.37
21/4/2016,0.37
22/4/2016,0.37
25/4/2016,0.37
26/4/2016,0.37
27/4/2016,0.37
28/4/2016,0.37
29/4/2016,0.30
2/5/2016,0.37
3/5/2016,0.37
4/5/2016,0.37
5/5/2016,0.37
6/5/2016,0.37
9/5/2016,0.37
10/5/2016,0.37
11/5/2016,0.37
12/5/2016,0.37
13/5/2016,0.37
16/5/2016,0.37
17/5/2016,0.37
18/5/2016,0.37
19/5/2016,0.37
20/5/2016,0.37
23/5/2016,0.37
24/5/2016,0.37
25/5/2016,0.37
26/5/2016,0.37
27/5/2016,0.37
31/5/2016,0.29
1/6/2016,0.37
2/6/2016,0.37
3/6/2016,0.37
6/6/2016,0.37
7/6/2016,0.37
8/6/2016,0.37
9/6/2016,0.37
10/6/2016,0.37
13/6/2016,0.37
14/6/2016,0.37
15/6/2016,0.37
16/6/2016,0.38
17/6/2016,0.38
20/6/2016,0.38
21/6/2016,0.38
22/6/2016,0.38
23/6/2016,0.39
24/6/2016,0.40
27/6/2016,0.41
28/6/2016,0.41
29/6/2016,0.41
30/6/2016,0.30
1/7/2016,0.41
5/7/2016,0.40
6/7/2016,0.40
7/7/2016,0.40
8/7/2016,0.40
11/7/2016,0.40
12/7/2016,0.40
13/7/2016,0.40
14/7/2016,0.40
15/7/2016,0.40
18/7/2016,0.40
19/7/2016,0.40
20/7/2016,0.40
21/7/2016,0.40
22/7/2016,0.40
25/7/2016,0.40
26/7/2016,0.40
27/7/2016,0.40
28/7/2016,0.40
29/7/2016,0.30
1/8/2016,0.40
2/8/2016,0.40
3/8/2016,0.40
4/8/2016,0.40
5/8/2016,0.40
8/8/2016,0.40
9/8/2016,0.40
10/8/2016,0.40
11/8/2016,0.40
12/8/2016,0.40
15/8/2016,0.40
16/8/2016,0.40
17/8/2016,0.40
18/8/2016,0.40
19/8/2016,0.40
22/8/2016,0.40
23/8/2016,0.40
24/8/2016,0.40
25/8/2016,0.40
26/8/2016,0.40
29/8/2016,0.40
30/8/2016,0.40
31/8/2016,0.30
1/9/2016,0.40
2/9/2016,0.40
6/9/2016,0.40
7/9/2016,0.40
8/9/2016,0.40
9/9/2016,0.40
12/9/2016,0.40
13/9/2016,0.40
14/9/2016,0.40
15/9/2016,0.40
16/9/2016,0.40
19/9/2016,0.40
20/9/2016,0.40
21/9/2016,0.40
22/9/2016,0.40
23/9/2016,0.40
26/9/2016,0.40
27/9/2016,0.40
28/9/2016,0.40
29/9/2016,0.40
30/9/2016,0.29
3/10/2016,0.40
4/10/2016,0.40
5/10/2016,0.40
6/10/2016,0.40
7/10/2016,0.40
11/10/2016,0.41
12/10/2016,0.41
13/10/2016,0.41
14/10/2016,0.41
17/10/2016,0.41
18/10/2016,0.41
19/10/2016,0.41
20/10/2016,0.41
21/10/2016,0.41
24/10/2016,0.41
25/10/2016,0.41
26/10/2016,0.41
27/10/2016,0.41
28/10/2016,0.41
31/10/2016,0.31
1/11/2016,0.41
2/11/2016,0.41
3/11/2016,0.41
4/11/2016,0.41
7/11/2016,0.41
8/11/2016,0.41
9/11/2016,0.41
10/11/2016,0.41
14/11/2016,0.41
15/11/2016,0.41
16/11/2016,0.41
17/11/2016,0.41
18/11/2016,0.41
21/11/2016,0.41
22/11/2016,0.41
23/11/2016,0.41
25/11/2016,0.41
28/11/2016,0.41
29/11/2016,0.41
30/11/2016,0.31
1/12/2016,0.41
2/12/2016,0.41
5/12/2016,0.41
6/12/2016,0.41
7/12/2016,0.41
8/12/2016,0.41
9/12/2016,0.41
12/12/2016,0.41
13/12/2016,0.41
14/12/2016,0.41
15/12/2016,0.66
16/12/2016,0.66
19/12/2016,0.66
20/12/2016,0.66
21/12/2016,0.66
22/12/2016,0.66
23/12/2016,0.66
27/12/2016,0.66
28/12/2016,0.66
29/12/2016,0.66
30/12/2016,0.55
3/1/2017,0.66
4/1/2017,0.66
5/1/2017,0.66
6/1/2017,0.66
9/1/2017,0.66
10/1/2017,0.66
11/1/2017,0.66
12/1/2017,0.66
13/1/2017,0.66
17/1/2017,0.66
18/1/2017,0.66
19/1/2017,0.66
20/1/2017,0.66
23/1/2017,0.66
24/1/2017,0.66
25/1/2017,0.66
26/1/2017,0.66
27/1/2017,0.66
30/1/2017,0.66
31/1/2017,0.56
1/2/2017,0.66
2/2/2017,0.66
3/2/2017,0.66
6/2/2017,0.66
7/2/2017,0.66
8/2/2017,0.66
9/2/2017,0.66
10/2/2017,0.66
13/2/2017,0.66
14/2/2017,0.66
15/2/2017,0.66
16/2/2017,0.66
17/2/2017,0.66
21/2/2017,0.66
22/2/2017,0.66
23/2/2017,0.66
24/2/2017,0.66
27/2/2017,0.66
28/2/2017,0.57
1/3/2017,0.66
2/3/2017,0.66
3/3/2017,0.66
6/3/2017,0.66
7/3/2017,0.66
8/3/2017,0.66
9/3/2017,0.66
10/3/2017,0.66
13/3/2017,0.66
14/3/2017,0.66
15/3/2017,0.66
16/3/2017,0.91
17/3/2017,0.91
20/3/2017,0.91
21/3/2017,0.91
22/3/2017,0.91
23/3/2017,0.91
24/3/2017,0.91
27/3/2017,0.91
28/3/2017,0.91
29/3/2017,0.91
30/3/2017,0.91
31/3/2017,0.82
3/4/2017,0.91
4/4/2017,0.91
5/4/2017,0.91
6/4/2017,0.91
7/4/2017,0.91
10/4/2017,0.91
11/4/2017,0.91
12/4/2017,0.91
13/4/2017,0.91
17/4/2017,0.91
18/4/2017,0.91
19/4/2017,0.91
20/4/2017,0.91
21/4/2017,0.91
24/4/2017,0.91
25/4/2017,0.91
26/4/2017,0.91
27/4/2017,0.91
28/4/2017,0.83
1/5/2017,0.91
2/5/2017,0.91
3/5/2017,0.91
4/5/2017,0.91
5/5/2017,0.91
8/5/2017,0.91
9/5/2017,0.91
10/5/2017,0.91
11/5/2017,0.91
12/5/2017,0.91
15/5/2017,0.91
16/5/2017,0.91
17/5/2017,0.91
18/5/2017,0.91
19/5/2017,0.91
22/5/2017,0.91
23/5/2017,0.91
24/5/2017,0.91
25/5/2017,0.91
26/5/2017,0.91
30/5/2017,0.91
31/5/2017,0.83
1/6/2017,0.91
2/6/2017,0.91
5/6/2017,0.91
6/6/2017,0.91
7/6/2017,0.91
8/6/2017,0.91
9/6/2017,0.91
12/6/2017,0.91
13/6/2017,0.91
14/6/2017,0.91
15/6/2017,1.16
16/6/2017,1.16
19/6/2017,1.16
20/6/2017,1.16
21/6/2017,1.16
22/6/2017,1.16
23/6/2017,1.16
26/6/2017,1.16
27/6/2017,1.16
28/6/2017,1.16
29/6/2017,1.16
30/6/2017,01.06
3/7/2017,1.16
5/7/2017,1.16
6/7/2017,1.16
7/7/2017,1.16
10/7/2017,1.16
11/7/2017,1.16
12/7/2017,1.16
13/7/2017,1.16
14/7/2017,1.16
17/7/2017,1.16
18/7/2017,1.16
19/7/2017,1.16
20/7/2017,1.16
21/7/2017,1.16
24/7/2017,1.16
25/7/2017,1.16
26/7/2017,1.16
27/7/2017,1.16
28/7/2017,1.16
31/7/2017,01.07
1/8/2017,1.16
2/8/2017,1.16
3/8/2017,1.16
4/8/2017,1.16
7/8/2017,1.16
8/8/2017,1.16
9/8/2017,1.16
10/8/2017,1.16
11/8/2017,1.16
14/8/2017,1.16
15/8/2017,1.16
16/8/2017,1.16
17/8/2017,1.16
18/8/2017,1.16
21/8/2017,1.16
22/8/2017,1.16
23/8/2017,1.16
24/8/2017,1.16
25/8/2017,1.16
28/8/2017,1.16
29/8/2017,1.16
30/8/2017,1.16
31/8/2017,01.07
1/9/2017,1.16
5/9/2017,1.16
6/9/2017,1.16
7/9/2017,1.16
8/9/2017,1.16
11/9/2017,1.16
12/9/2017,1.16
13/9/2017,1.16
14/9/2017,1.16
15/9/2017,1.16
18/9/2017,1.16
19/9/2017,1.16
20/9/2017,1.16
21/9/2017,1.16
22/9/2017,1.16
25/9/2017,1.16
26/9/2017,1.16
27/9/2017,1.16
28/9/2017,1.16
29/9/2017,01.06
2/10/2017,1.16
3/10/2017,1.16
4/10/2017,1.16
5/10/2017,1.16
6/10/2017,1.16
10/10/2017,1.16
11/10/2017,1.16
12/10/2017,1.16
13/10/2017,1.16
16/10/2017,1.16
17/10/2017,1.16
18/10/2017,1.16
19/10/2017,1.16
20/10/2017,1.16
23/10/2017,1.16
24/10/2017,1.16
25/10/2017,1.16
26/10/2017,1.16
27/10/2017,1.16
30/10/2017,1.16
31/10/2017,01.07
1/11/2017,1.16
2/11/2017,1.16
3/11/2017,1.16
6/11/2017,1.16
7/11/2017,1.16
8/11/2017,1.16
9/11/2017,1.16
10/11/2017,1.16
13/11/2017,1.16
14/11/2017,1.16
15/11/2017,1.16
16/11/2017,1.16
17/11/2017,1.16
20/11/2017,1.16
21/11/2017,1.16
22/11/2017,1.16
24/11/2017,1.16
27/11/2017,1.16
28/11/2017,1.16
29/11/2017,1.16
30/11/2017,01.07
1/12/2017,1.16
4/12/2017,1.16
5/12/2017,1.16
6/12/2017,1.16
7/12/2017,1.16
8/12/2017,1.16
11/12/2017,1.16
12/12/2017,1.17
13/12/2017,1.17
14/12/2017,1.41
15/12/2017,1.41
18/12/2017,1.42
19/12/2017,1.42
20/12/2017,1.42
21/12/2017,1.42
22/12/2017,1.42
26/12/2017,1.42
27/12/2017,1.42
28/12/2017,1.42
29/12/2017,1.33
2/1/2018,1.42
3/1/2018,1.42
4/1/2018,1.42
5/1/2018,1.42
8/1/2018,1.42
9/1/2018,1.42
10/1/2018,1.42
11/1/2018,1.42
12/1/2018,1.42
16/1/2018,1.42
17/1/2018,1.42
18/1/2018,1.42
19/1/2018,1.42
22/1/2018,1.42
23/1/2018,1.42
24/1/2018,1.42
25/1/2018,1.42
26/1/2018,1.42
29/1/2018,1.42
30/1/2018,1.42
31/1/2018,1.34
1/2/2018,1.42
2/2/2018,1.42
5/2/2018,1.42
6/2/2018,1.42
7/2/2018,1.42
8/2/2018,1.42
9/2/2018,1.42
12/2/2018,1.42
13/2/2018,1.42
14/2/2018,1.42
15/2/2018,1.42
16/2/2018,1.42
20/2/2018,1.42
21/2/2018,1.42
22/2/2018,1.42
23/2/2018,1.42
26/2/2018,1.42
27/2/2018,1.42
28/2/2018,1.35
1/3/2018,1.42
2/3/2018,1.42
5/3/2018,1.42
6/3/2018,1.42
7/3/2018,1.42
8/3/2018,1.42
9/3/2018,1.42
12/3/2018,1.42
13/3/2018,1.42
14/3/2018,1.42
15/3/2018,1.43
16/3/2018,1.43
19/3/2018,1.43
20/3/2018,1.44
21/3/2018,1.44
22/3/2018,1.68
23/3/2018,1.68
26/3/2018,1.68
27/3/2018,1.68
28/3/2018,1.68
29/3/2018,1.68
2/4/2018,1.68
3/4/2018,1.69
4/4/2018,1.69
5/4/2018,1.69
6/4/2018,1.69
9/4/2018,1.69
10/4/2018,1.69
11/4/2018,1.69
12/4/2018,1.69
13/4/2018,1.69
16/4/2018,1.69
17/4/2018,1.69
18/4/2018,1.69
19/4/2018,1.69
20/4/2018,1.70
23/4/2018,1.70
24/4/2018,1.70
25/4/2018,1.70
26/4/2018,1.70
27/4/2018,1.70
30/4/2018,1.69
1/5/2018,1.70
2/5/2018,1.70
3/5/2018,1.70
4/5/2018,1.70
7/5/2018,1.70
8/5/2018,1.70
9/5/2018,1.70
10/5/2018,1.70
11/5/2018,1.70
14/5/2018,1.70
15/5/2018,1.70
16/5/2018,1.70
17/5/2018,1.70
18/5/2018,1.70
21/5/2018,1.70
22/5/2018,1.70
23/5/2018,1.70
24/5/2018,1.70
25/5/2018,1.70
29/5/2018,1.70
30/5/2018,1.70
31/5/2018,1.70
1/6/2018,1.70
4/6/2018,1.70
5/6/2018,1.70
6/6/2018,1.70
7/6/2018,1.70
8/6/2018,1.70
11/6/2018,1.70
12/6/2018,1.70
13/6/2018,1.70
14/6/2018,1.90
15/6/2018,1.90
18/6/2018,1.90
19/6/2018,1.91
20/6/2018,1.92
21/6/2018,1.92
22/6/2018,1.92
25/6/2018,1.92
26/6/2018,1.92
27/6/2018,1.91
28/6/2018,1.91
29/6/2018,1.91
2/7/2018,1.91
3/7/2018,1.91
5/7/2018,1.91
6/7/2018,1.91
9/7/2018,1.91
10/7/2018,1.91
11/7/2018,1.91
12/7/2018,1.91
13/7/2018,1.91
16/7/2018,1.91
17/7/2018,1.91
18/7/2018,1.91
19/7/2018,1.91
20/7/2018,1.91
23/7/2018,1.91
24/7/2018,1.91
25/7/2018,1.91
26/7/2018,1.91
27/7/2018,1.91
30/7/2018,1.91
31/7/2018,1.91
1/8/2018,1.91
2/8/2018,1.91
3/8/2018,1.91
6/8/2018,1.91
7/8/2018,1.91
8/8/2018,1.91
9/8/2018,1.91
10/8/2018,1.91
13/8/2018,1.91
14/8/2018,1.91
15/8/2018,1.91
16/8/2018,1.92
17/8/2018,1.92
20/8/2018,1.92
21/8/2018,1.92
22/8/2018,1.92
23/8/2018,1.92
24/8/2018,1.92
27/8/2018,1.92
28/8/2018,1.92
29/8/2018,1.92
30/8/2018,1.92
31/8/2018,1.91
4/9/2018,1.92
5/9/2018,1.92
6/9/2018,1.92
7/9/2018,1.92
10/9/2018,1.92
11/9/2018,1.92
12/9/2018,1.92
13/9/2018,1.92
14/9/2018,1.92
17/9/2018,1.92
18/9/2018,1.92
19/9/2018,1.92
20/9/2018,1.92
21/9/2018,1.92
24/9/2018,1.93
25/9/2018,1.93
26/9/2018,1.93
27/9/2018,2.18
28/9/2018,2.18
1/10/2018,2.18
2/10/2018,2.18
3/10/2018,2.18
4/10/2018,2.18
5/10/2018,2.18
9/10/2018,2.18
10/10/2018,2.18
11/10/2018,2.18
12/10/2018,2.18
15/10/2018,2.18
16/10/2018,2.18
17/10/2018,2.19
18/10/2018,2.19
19/10/2018,2.19
22/10/2018,2.19
23/10/2018,2.20
24/10/2018,2.20
25/10/2018,2.20
26/10/2018,2.20
29/10/2018,2.20
30/10/2018,2.20
31/10/2018,2.20
1/11/2018,2.20
2/11/2018,2.19
5/11/2018,2.20
6/11/2018,2.20
7/11/2018,2.20
8/11/2018,2.20
9/11/2018,2.19
13/11/2018,2.20
14/11/2018,2.20
15/11/2018,2.20
16/11/2018,2.20
19/11/2018,2.20
20/11/2018,2.20
21/11/2018,2.20
23/11/2018,2.20
26/11/2018,2.20
27/11/2018,2.20
28/11/2018,2.20
29/11/2018,2.20
30/11/2018,2.20
3/12/2018,2.19
4/12/2018,2.20
6/12/2018,2.20
7/12/2018,2.19
10/12/2018,2.20
11/12/2018,2.19
12/12/2018,2.19
13/12/2018,2.19
14/12/2018,2.19
17/12/2018,2.20
18/12/2018,2.20
19/12/2018,2.20
20/12/2018,2.40
21/12/2018,2.40
24/12/2018,2.40
26/12/2018,2.40
27/12/2018,2.40
28/12/2018,2.40
31/12/2018,2.40
2/1/2019,2.40
3/1/2019,2.40
4/1/2019,2.40
7/1/2019,2.40
8/1/2019,2.40
9/1/2019,2.40
10/1/2019,2.40
11/1/2019,2.40
14/1/2019,2.40
15/1/2019,2.40
16/1/2019,2.40
17/1/2019,2.40
18/1/2019,2.40
22/1/2019,2.40
23/1/2019,2.40
24/1/2019,2.40
25/1/2019,2.40
28/1/2019,2.40
29/1/2019,2.40
30/1/2019,2.40
31/1/2019,2.40
1/2/2019,2.40
4/2/2019,2.40
5/2/2019,2.40
6/2/2019,2.40
7/2/2019,2.40
8/2/2019,2.40
11/2/2019,2.40
12/2/2019,2.40
13/2/2019,2.40
14/2/2019,2.40
15/2/2019,2.40
19/2/2019,2.40
20/2/2019,2.40
21/2/2019,2.40
22/2/2019,2.40
25/2/2019,2.40
26/2/2019,2.40
27/2/2019,2.40
28/2/2019,2.40
1/3/2019,2.40
4/3/2019,2.40
5/3/2019,2.40
6/3/2019,2.40
7/3/2019,2.40
8/3/2019,2.40
11/3/2019,2.40
12/3/2019,2.40
13/3/2019,2.40
14/3/2019,2.40
15/3/2019,2.40
18/3/2019,2.40
19/3/2019,2.40
20/3/2019,2.41
21/3/2019,2.41
22/3/2019,2.41
25/3/2019,2.40
26/3/2019,2.40
27/3/2019,2.41
28/3/2019,2.41
29/3/2019,2.43
1/4/2019,2.41
2/4/2019,2.41
3/4/2019,2.41
4/4/2019,2.41
5/4/2019,2.41
8/4/2019,2.41
9/4/2019,2.41
10/4/2019,2.41
11/4/2019,2.41
12/4/2019,2.41
15/4/2019,2.41
16/4/2019,2.41
17/4/2019,2.42
18/4/2019,2.43
22/4/2019,2.44
23/4/2019,2.44
24/4/2019,2.44
25/4/2019,2.44
26/4/2019,2.44
29/4/2019,2.45
30/4/2019,2.45
1/5/2019,2.45
2/5/2019,2.41
3/5/2019,2.40
6/5/2019,2.40
7/5/2019,2.40
8/5/2019,2.39
9/5/2019,2.38
10/5/2019,2.38
13/5/2019,2.38
14/5/2019,2.38
15/5/2019,2.40
16/5/2019,2.39
17/5/2019,2.39
20/5/2019,2.39
21/5/2019,2.39
22/5/2019,2.38
23/5/2019,2.38
24/5/2019,2.38
28/5/2019,2.39
29/5/2019,2.39
30/5/2019,2.39
31/5/2019,2.40
3/6/2019,2.38
4/6/2019,2.38
5/6/2019,2.38
6/6/2019,2.37
7/6/2019,2.37
10/6/2019,2.37
11/6/2019,2.37
12/6/2019,2.37
13/6/2019,2.37
14/6/2019,2.36
17/6/2019,2.38
18/6/2019,2.37
19/6/2019,2.37
20/6/2019,2.37
21/6/2019,2.38
24/6/2019,2.38
25/6/2019,2.38
26/6/2019,2.38
27/6/2019,2.38
28/6/2019,2.40
1/7/2019,2.39
2/7/2019,2.40
3/7/2019,2.41
5/7/2019,2.42
8/7/2019,2.41
9/7/2019,2.41
10/7/2019,2.41
11/7/2019,2.40
12/7/2019,2.38
15/7/2019,2.40
16/7/2019,2.41
17/7/2019,2.41
18/7/2019,2.41
19/7/2019,2.41
22/7/2019,2.40
23/7/2019,2.40
24/7/2019,2.40
25/7/2019,2.40
26/7/2019,2.40
29/7/2019,2.40
30/7/2019,2.39
31/7/2019,2.40
1/8/2019,2.14
2/8/2019,2.14
5/8/2019,2.13
6/8/2019,2.13
7/8/2019,2.12
8/8/2019,2.12
9/8/2019,2.12
12/8/2019,2.12
13/8/2019,2.12
14/8/2019,2.12
15/8/2019,2.13
16/8/2019,2.13
19/8/2019,2.13
20/8/2019,2.13
21/8/2019,2.12
22/8/2019,2.12
23/8/2019,2.12
26/8/2019,2.12
27/8/2019,2.12
28/8/2019,2.12
29/8/2019,2.12
30/8/2019,2.13
3/9/2019,2.13
4/9/2019,2.13
5/9/2019,2.13
6/9/2019,2.12
9/9/2019,2.13
10/9/2019,2.13
11/9/2019,2.13
12/9/2019,2.13
13/9/2019,2.14
16/9/2019,2.25
17/9/2019,2.30
18/9/2019,2.25
19/9/2019,1.90
20/9/2019,1.90
23/9/2019,1.90
24/9/2019,1.90
25/9/2019,1.90
26/9/2019,1.85
27/9/2019,1.83
30/9/2019,1.90
1/10/2019,1.88
2/10/2019,1.85
3/10/2019,1.83
4/10/2019,1.82
7/10/2019,1.82
8/10/2019,1.82
9/10/2019,1.82
10/10/2019,1.82
11/10/2019,1.82
15/10/2019,1.90
16/10/2019,1.90
17/10/2019,1.85
18/10/2019,1.85
21/10/2019,1.85
22/10/2019,1.85
23/10/2019,1.85
24/10/2019,1.85
25/10/2019,1.83
28/10/2019,1.83
29/10/2019,1.82
30/10/2019,1.82
31/10/2019,1.58
1/11/2019,1.57
4/11/2019,1.56
5/11/2019,1.56
6/11/2019,1.55
7/11/2019,1.55
8/11/2019,1.55
12/11/2019,1.55
13/11/2019,1.55
14/11/2019,1.55
15/11/2019,1.55
18/11/2019,1.55
19/11/2019,1.55
20/11/2019,1.55
21/11/2019,1.55
22/11/2019,1.55
25/11/2019,1.55
26/11/2019,1.55
27/11/2019,1.55
29/11/2019,1.56
2/12/2019,1.56
3/12/2019,1.55
4/12/2019,1.55
5/12/2019,1.55
6/12/2019,1.55
9/12/2019,1.55
10/12/2019,1.55
11/12/2019,1.55
12/12/2019,1.55
13/12/2019,1.55
16/12/2019,1.56
17/12/2019,1.55
18/12/2019,1.55
19/12/2019,1.55
20/12/2019,1.55
23/12/2019,1.55
24/12/2019,1.55
26/12/2019,1.55
27/12/2019,1.55
30/12/2019,1.55
31/12/2019,1.55
2/1/2020,1.55
3/1/2020,1.55
6/1/2020,1.55
7/1/2020,1.55
8/1/2020,1.55
9/1/2020,1.55
10/1/2020,1.54
13/1/2020,1.54
14/1/2020,1.54
15/1/2020,1.54
16/1/2020,1.54
17/1/2020,1.55
21/1/2020,1.55
22/1/2020,1.55
23/1/2020,1.55
24/1/2020,1.55
27/1/2020,1.55
28/1/2020,1.55
29/1/2020,1.55
30/1/2020,1.60
31/1/2020,1.59
3/2/2020,1.59
4/2/2020,1.59
5/2/2020,1.59
6/2/2020,1.59
7/2/2020,1.58
10/2/2020,1.58
11/2/2020,1.58
12/2/2020,1.58
13/2/2020,1.58
14/2/2020,1.58
18/2/2020,1.59
19/2/2020,1.59
20/2/2020,1.59
21/2/2020,1.58
24/2/2020,1.58
25/2/2020,1.58
26/2/2020,1.58
27/2/2020,1.58
28/2/2020,1.58
2/3/2020,1.59
3/3/2020,1.59
4/3/2020,01.09
5/3/2020,01.09
6/3/2020,01.09
9/3/2020,01.09
10/3/2020,01.09
11/3/2020,01.09
12/3/2020,1.10
13/3/2020,1.10
16/3/2020,0.25
17/3/2020,0.25
18/3/2020,0.25
19/3/2020,0.20
20/3/2020,0.15
23/3/2020,0.15
24/3/2020,0.12
25/3/2020,0.10
26/3/2020,0.10
27/3/2020,0.10
30/3/2020,0.09
31/3/2020,0.08
1/4/2020,0.06
2/4/2020,0.05
3/4/2020,0.05
6/4/2020,0.05
7/4/2020,0.05
8/4/2020,0.05
9/4/2020,0.05
13/4/2020,0.05
14/4/2020,0.05
15/4/2020,0.05
16/4/2020,0.05
17/4/2020,0.05
20/4/2020,0.05
21/4/2020,0.05
22/4/2020,0.05
23/4/2020,0.04
24/4/2020,0.05
27/4/2020,0.04
28/4/2020,0.04
29/4/2020,0.04
30/4/2020,0.05
1/5/2020,0.05
4/5/2020,0.05
5/5/2020,0.05
6/5/2020,0.05
7/5/2020,0.05
8/5/2020,0.05
11/5/2020,0.05
12/5/2020,0.05
13/5/2020,0.05
14/5/2020,0.05
15/5/2020,0.05
18/5/2020,0.05
19/5/2020,0.05
20/5/2020,0.05
21/5/2020,0.05
22/5/2020,0.05
26/5/2020,0.05
27/5/2020,0.05
28/5/2020,0.05
29/5/2020,0.05
1/6/2020,0.05
2/6/2020,0.06
3/6/2020,0.06
4/6/2020,0.06
5/6/2020,0.07
8/6/2020,0.07
9/6/2020,0.07
10/6/2020,0.08
11/6/2020,0.08
12/6/2020,0.08
15/6/2020,0.09
16/6/2020,0.09
17/6/2020,0.09
18/6/2020,0.09
19/6/2020,0.09
22/6/2020,0.08
23/6/2020,0.08
24/6/2020,0.08
25/6/2020,0.08
26/6/2020,0.08
29/6/2020,0.08
30/6/2020,0.08
1/7/2020,0.08
2/7/2020,0.09
6/7/2020,0.09
7/7/2020,0.09
8/7/2020,0.09
9/7/2020,0.09
10/7/2020,0.09
13/7/2020,0.09
14/7/2020,0.09
15/7/2020,0.10
16/7/2020,0.10
17/7/2020,0.09
20/7/2020,0.10
21/7/2020,0.10
22/7/2020,0.09
23/7/2020,0.09
24/7/2020,0.09
27/7/2020,0.10
28/7/2020,0.10
29/7/2020,0.10
30/7/2020,0.10
31/7/2020,0.10
3/8/2020,0.10
4/8/2020,0.10
5/8/2020,0.10
6/8/2020,0.10
7/8/2020,0.10
10/8/2020,0.10
11/8/2020,0.10
12/8/2020,0.10
13/8/2020,0.10
14/8/2020,0.10
17/8/2020,0.10
18/8/2020,0.09
19/8/2020,0.09
20/8/2020,0.09
21/8/2020,0.09
24/8/2020,0.09
25/8/2020,0.09
26/8/2020,0.09
27/8/2020,0.08
28/8/2020,0.09
31/8/2020,0.09
1/9/2020,0.09
2/9/2020,0.09
3/9/2020,0.09
4/9/2020,0.09
8/9/2020,0.09
9/9/2020,0.09
10/9/2020,0.09
11/9/2020,0.09
14/9/2020,0.09
15/9/2020,0.09
16/9/2020,0.09
17/9/2020,0.09
18/9/2020,0.09
21/9/2020,0.09
22/9/2020,0.09
23/9/2020,0.09
24/9/2020,0.09
25/9/2020,0.09
28/9/2020,0.09
29/9/2020,0.09
30/9/2020,0.09
1/10/2020,0.09
2/10/2020,0.09
5/10/2020,0.09
6/10/2020,0.09
7/10/2020,0.09
8/10/2020,0.09
9/10/2020,0.09
13/10/2020,0.09
14/10/2020,0.09
15/10/2020,0.09
16/10/2020,0.09
19/10/2020,0.09
20/10/2020,0.09
21/10/2020,0.09
22/10/2020,0.09
23/10/2020,0.09
26/10/2020,0.09
27/10/2020,0.09
28/10/2020,0.09
29/10/2020,0.09
30/10/2020,0.09
2/11/2020,0.09
3/11/2020,0.09
4/11/2020,0.09
5/11/2020,0.09
6/11/2020,0.09
9/11/2020,0.09
10/11/2020,0.09
12/11/2020,0.09
13/11/2020,0.09
16/11/2020,0.09
17/11/2020,0.09
18/11/2020,0.09
19/11/2020,0.08
20/11/2020,0.08
23/11/2020,0.08
24/11/2020,0.08
25/11/2020,0.08
27/11/2020,0.08
30/11/2020,0.09
1/12/2020,0.09
2/12/2020,0.09
3/12/2020,0.09
4/12/2020,0.09
7/12/2020,0.09
8/12/2020,0.09
9/12/2020,0.09
10/12/2020,0.09
11/12/2020,0.09
14/12/2020,0.09
15/12/2020,0.09
16/12/2020,0.09
17/12/2020,0.09
18/12/2020,0.09
21/12/2020,0.09
22/12/2020,0.09
23/12/2020,0.09
24/12/2020,0.09
28/12/2020,0.09
29/12/2020,0.09
30/12/2020,0.09
31/12/2020,0.09
4/1/2021,0.09
5/1/2021,0.09
6/1/2021,0.09
7/1/2021,0.09
8/1/2021,0.09
11/1/2021,0.09
12/1/2021,0.09
13/1/2021,0.09
14/1/2021,0.09
15/1/2021,0.09
19/1/2021,0.09
20/1/2021,0.09
21/1/2021,0.08
22/1/2021,0.08
25/1/2021,0.08
26/1/2021,0.08
27/1/2021,0.08
28/1/2021,0.07
29/1/2021,0.07
1/2/2021,0.08
2/2/2021,0.08
3/2/2021,0.08
4/2/2021,0.08
5/2/2021,0.08
8/2/2021,0.07
9/2/2021,0.08
10/2/2021,0.08
11/2/2021,0.08
12/2/2021,0.08
16/2/2021,0.08
17/2/2021,0.08
18/2/2021,0.07
19/2/2021,0.07
22/2/2021,0.07
23/2/2021,0.07
24/2/2021,0.07
25/2/2021,0.07
26/2/2021,0.07
1/3/2021,0.07
2/3/2021,0.07
3/3/2021,0.07
4/3/2021,0.07
5/3/2021,0.07
8/3/2021,0.07
9/3/2021,0.07
10/3/2021,0.07
11/3/2021,0.07
12/3/2021,0.07
15/3/2021,0.07
16/3/2021,0.07
17/3/2021,0.07
18/3/2021,0.07
19/3/2021,0.07
22/3/2021,0.07
23/3/2021,0.07
24/3/2021,0.07
25/3/2021,0.07
26/3/2021,0.07
29/3/2021,0.07
30/3/2021,0.07
31/3/2021,0.06
1/4/2021,0.07
2/4/2021,0.07
5/4/2021,0.07
6/4/2021,0.07
7/4/2021,0.07
8/4/2021,0.07
9/4/2021,0.07
12/4/2021,0.07
13/4/2021,0.07
14/4/2021,0.07
15/4/2021,0.07
16/4/2021,0.07
19/4/2021,0.07
20/4/2021,0.07
21/4/2021,0.07
22/4/2021,0.07
23/4/2021,0.07
26/4/2021,0.07
27/4/2021,0.07
28/4/2021,0.07
29/4/2021,0.06
30/4/2021,0.05
3/5/2021,0.06
4/5/2021,0.06
5/5/2021,0.06
6/5/2021,0.06
7/5/2021,0.06
10/5/2021,0.06
11/5/2021,0.06
12/5/2021,0.06
13/5/2021,0.06
14/5/2021,0.06
17/5/2021,0.06
18/5/2021,0.06
19/5/2021,0.06
20/5/2021,0.06
21/5/2021,0.06
24/5/2021,0.06
25/5/2021,0.06
26/5/2021,0.06
27/5/2021,0.06
28/5/2021,0.05
1/6/2021,0.06
2/6/2021,0.06
3/6/2021,0.06
4/6/2021,0.06
7/6/2021,0.06
8/6/2021,0.06
9/6/2021,0.06
10/6/2021,0.06
11/6/2021,0.06
14/6/2021,0.06
15/6/2021,0.06
16/6/2021,0.06
17/6/2021,0.10
18/6/2021,0.10
21/6/2021,0.10
22/6/2021,0.10
23/6/2021,0.10
24/6/2021,0.10
25/6/2021,0.10
28/6/2021,0.10
29/6/2021,0.10
30/6/2021,0.08
1/7/2021,0.10
2/7/2021,0.10
6/7/2021,0.10
7/7/2021,0.10
8/7/2021,0.10
9/7/2021,0.10
12/7/2021,0.10
13/7/2021,0.10
14/7/2021,0.10
15/7/2021,0.10
16/7/2021,0.10
19/7/2021,0.10
20/7/2021,0.10
21/7/2021,0.10
22/7/2021,0.10
23/7/2021,0.10
26/7/2021,0.10
27/7/2021,0.10
28/7/2021,0.10
29/7/2021,0.10
30/7/2021,0.07
2/8/2021,0.10
3/8/2021,0.10
4/8/2021,0.10
5/8/2021,0.10
6/8/2021,0.10
9/8/2021,0.10
10/8/2021,0.10
11/8/2021,0.10
12/8/2021,0.10
13/8/2021,0.10
16/8/2021,0.10
17/8/2021,0.10
18/8/2021,0.09
19/8/2021,0.09
20/8/2021,0.09
23/8/2021,0.09
24/8/2021,0.09
25/8/2021,0.09
26/8/2021,0.09
27/8/2021,0.08
30/8/2021,0.08
31/8/2021,0.06
1/9/2021,0.08
2/9/2021,0.08
3/9/2021,0.08
7/9/2021,0.08
8/9/2021,0.08
9/9/2021,0.08
10/9/2021,0.08
13/9/2021,0.08
14/9/2021,0.08
15/9/2021,0.08
16/9/2021,0.08
17/9/2021,0.08
20/9/2021,0.08
21/9/2021,0.08
22/9/2021,0.08
23/9/2021,0.08
24/9/2021,0.08
27/9/2021,0.08
28/9/2021,0.08
29/9/2021,0.08
30/9/2021,0.06
1/10/2021,0.08
4/10/2021,0.08
5/10/2021,0.08
6/10/2021,0.08
7/10/2021,0.08
8/10/2021,0.08
12/10/2021,0.08
13/10/2021,0.08
14/10/2021,0.08
15/10/2021,0.08
18/10/2021,0.08
19/10/2021,0.08
20/10/2021,0.08
21/10/2021,0.08
22/10/2021,0.08
25/10/2021,0.08
26/10/2021,0.08
27/10/2021,0.08
28/10/2021,0.08
29/10/2021,0.07
1/11/2021,0.08
2/11/2021,0.08
3/11/2021,0.08
4/11/2021,0.08
5/11/2021,0.08
8/11/2021,0.08
9/11/2021,0.08
10/11/2021,0.08
12/11/2021,0.08
15/11/2021,0.08
16/11/2021,0.08
17/11/2021,0.08
18/11/2021,0.08
19/11/2021,0.08
22/11/2021,0.08
23/11/2021,0.08
24/11/2021,0.08
26/11/2021,0.08
29/11/2021,0.08
30/11/2021,0.07
1/12/2021,0.08
2/12/2021,0.08
3/12/2021,0.08
6/12/2021,0.08
7/12/2021,0.08
8/12/2021,0.08
9/12/2021,0.08
10/12/2021,0.08
13/12/2021,0.08
14/12/2021,0.08
15/12/2021,0.08
16/12/2021,0.08
17/12/2021,0.08
20/12/2021,0.08
21/12/2021,0.08
22/12/2021,0.08
23/12/2021,0.08
27/12/2021,0.08
28/12/2021,0.08
29/12/2021,0.08
30/12/2021,0.08
31/12/2021,0.07
3/1/2022,0.08
4/1/2022,0.08
5/1/2022,0.08
6/1/2022,0.08
7/1/2022,0.08
10/1/2022,0.08
11/1/2022,0.08
12/1/2022,0.08
13/1/2022,0.08
14/1/2022,0.08
18/1/2022,0.08
19/1/2022,0.08
20/1/2022,0.08
21/1/2022,0.08
24/1/2022,0.08
25/1/2022,0.08
26/1/2022,0.08
27/1/2022,0.08
28/1/2022,0.08
31/1/2022,0.08
1/2/2022,0.08
2/2/2022,0.08
3/2/2022,0.08
4/2/2022,0.08
7/2/2022,0.08
8/2/2022,0.08
9/2/2022,0.08
10/2/2022,0.08
11/2/2022,0.08
14/2/2022,0.08
15/2/2022,0.08
16/2/2022,0.08
17/2/2022,0.08
18/2/2022,0.08
22/2/2022,0.08
23/2/2022,0.08
24/2/2022,0.08
25/2/2022,0.08
28/2/2022,0.08
1/3/2022,0.08
2/3/2022,0.08
3/3/2022,0.08
4/3/2022,0.08
7/3/2022,0.08
8/3/2022,0.08
9/3/2022,0.08
10/3/2022,0.08
11/3/2022,0.08
14/3/2022,0.08
15/3/2022,0.08
16/3/2022,0.08
17/3/2022,0.33
18/3/2022,0.33
21/3/2022,0.33
22/3/2022,0.33
23/3/2022,0.33
24/3/2022,0.33
25/3/2022,0.33
28/3/2022,0.33
29/3/2022,0.33
30/3/2022,0.33
31/3/2022,0.33
1/4/2022,0.33
4/4/2022,0.33
5/4/2022,0.33
6/4/2022,0.33
7/4/2022,0.33
8/4/2022,0.33
11/4/2022,0.33
12/4/2022,0.33
13/4/2022,0.33
14/4/2022,0.33
18/4/2022,0.33
19/4/2022,0.33
20/4/2022,0.33
21/4/2022,0.33
22/4/2022,0.33
25/4/2022,0.33
26/4/2022,0.33
27/4/2022,0.33
28/4/2022,0.33
29/4/2022,0.33
2/5/2022,0.33
3/5/2022,0.33
4/5/2022,0.33
5/5/2022,0.83
6/5/2022,0.83
9/5/2022,0.83
10/5/2022,0.83
11/5/2022,0.83
12/5/2022,0.83
13/5/2022,0.83
16/5/2022,0.83
17/5/2022,0.83
18/5/2022,0.83
19/5/2022,0.83
20/5/2022,0.83
23/5/2022,0.83
24/5/2022,0.83
25/5/2022,0.83
26/5/2022,0.83
27/5/2022,0.83
31/5/2022,0.83
1/6/2022,0.83
2/6/2022,0.83
3/6/2022,0.83
6/6/2022,0.83
7/6/2022,0.83
8/6/2022,0.83
9/6/2022,0.83
10/6/2022,0.83
13/6/2022,0.83
14/6/2022,0.83
15/6/2022,0.83
16/6/2022,1.58
17/6/2022,1.58
21/6/2022,1.58
22/6/2022,1.58
23/6/2022,1.58
24/6/2022,1.58
27/6/2022,1.58
28/6/2022,1.58
29/6/2022,1.58
30/6/2022,1.58
1/7/2022,1.58
5/7/2022,1.58
6/7/2022,1.58
7/7/2022,1.58
8/7/2022,1.58
11/7/2022,1.58
12/7/2022,1.58
13/7/2022,1.58
14/7/2022,1.58
15/7/2022,1.58
18/7/2022,1.58
19/7/2022,1.58
20/7/2022,1.58
21/7/2022,1.58
22/7/2022,1.58
25/7/2022,1.58
26/7/2022,1.58
27/7/2022,1.58
28/7/2022,2.33
29/7/2022,2.32
1/8/2022,2.33
2/8/2022,2.33
3/8/2022,2.33
4/8/2022,2.33
5/8/2022,2.33
8/8/2022,2.33
9/8/2022,2.33
10/8/2022,2.33
11/8/2022,2.33
12/8/2022,2.33
15/8/2022,2.33
16/8/2022,2.33
17/8/2022,2.33
18/8/2022,2.33
19/8/2022,2.33
22/8/2022,2.33
23/8/2022,2.33
24/8/2022,2.33
25/8/2022,2.33
26/8/2022,2.33
29/8/2022,2.33
30/8/2022,2.33
31/8/2022,2.33
1/9/2022,2.33
2/9/2022,2.33
6/9/2022,2.33
7/9/2022,2.33
8/9/2022,2.33
9/9/2022,2.33
12/9/2022,2.33
13/9/2022,2.33
14/9/2022,2.33
15/9/2022,2.33
16/9/2022,2.33
19/9/2022,2.33
20/9/2022,2.33
21/9/2022,2.33
22/9/2022,03.08
23/9/2022,03.08
26/9/2022,03.08
27/9/2022,03.08
28/9/2022,03.08
29/9/2022,03.08
30/9/2022,03.08
3/10/2022,03.08
4/10/2022,03.08
5/10/2022,03.08
6/10/2022,03.08
7/10/2022,03.08
11/10/2022,03.08
12/10/2022,03.08
13/10/2022,03.08
14/10/2022,03.08
17/10/2022,03.08
18/10/2022,03.08
19/10/2022,03.08
20/10/2022,03.08
21/10/2022,03.08
24/10/2022,03.08
25/10/2022,03.08
26/10/2022,03.08
27/10/2022,03.08
28/10/2022,03.08
31/10/2022,03.08
1/11/2022,03.08
2/11/2022,03.08
3/11/2022,3.83
4/11/2022,3.83
7/11/2022,3.83
8/11/2022,3.83
9/11/2022,3.83
10/11/2022,3.83
14/11/2022,3.83
15/11/2022,3.83
16/11/2022,3.83
17/11/2022,3.83
18/11/2022,3.83
21/11/2022,3.83
22/11/2022,3.83
23/11/2022,3.83
25/11/2022,3.83
28/11/2022,3.83
29/11/2022,3.83
30/11/2022,3.83
1/12/2022,3.83
2/12/2022,3.83
5/12/2022,3.83
6/12/2022,3.83
7/12/2022,3.83
8/12/2022,3.83
9/12/2022,3.83
12/12/2022,3.83
13/12/2022,3.83
14/12/2022,3.83
15/12/2022,4.33
16/12/2022,4.33
19/12/2022,4.33
20/12/2022,4.33
21/12/2022,4.33
22/12/2022,4.33
23/12/2022,4.33
27/12/2022,4.33
28/12/2022,4.33
29/12/2022,4.33
30/12/2022,4.33
3/1/2023,4.33
4/1/2023,4.33
5/1/2023,4.33
6/1/2023,4.33
9/1/2023,4.33
10/1/2023,4.33
11/1/2023,4.33
12/1/2023,4.33
13/1/2023,4.33
17/1/2023,4.33
18/1/2023,4.33
19/1/2023,4.33
20/1/2023,4.33
23/1/2023,4.33
24/1/2023,4.33
25/1/2023,4.33
26/1/2023,4.33
27/1/2023,4.33
30/1/2023,4.33
31/1/2023,4.33
1/2/2023,4.33
2/2/2023,4.58
3/2/2023,4.58
6/2/2023,4.58
7/2/2023,4.58
8/2/2023,4.58
9/2/2023,4.57
10/2/2023,4.58
13/2/2023,4.58
14/2/2023,4.58
15/2/2023,4.58
16/2/2023,4.58
17/2/2023,4.58
21/2/2023,4.58
22/2/2023,4.58
23/2/2023,4.58
24/2/2023,4.58
27/2/2023,4.57
28/2/2023,4.57
1/3/2023,4.58
2/3/2023,4.57
3/3/2023,4.57
6/3/2023,4.57
7/3/2023,4.57
8/3/2023,4.57
9/3/2023,4.57
10/3/2023,4.57
13/3/2023,4.58
14/3/2023,4.58
15/3/2023,4.58
16/3/2023,4.58
17/3/2023,4.58
20/3/2023,4.58
21/3/2023,4.58
22/3/2023,4.58
23/3/2023,4.83
24/3/2023,4.83
27/3/2023,4.83
28/3/2023,4.83
29/3/2023,4.83
30/3/2023,4.83
31/3/2023,4.83
3/4/2023,4.83
4/4/2023,4.83
5/4/2023,4.83
6/4/2023,4.83
7/4/2023,4.83
10/4/2023,4.83
11/4/2023,4.83
12/4/2023,4.83
13/4/2023,4.83
14/4/2023,4.83
17/4/2023,4.83
18/4/2023,4.83
19/4/2023,4.83
20/4/2023,4.83
21/4/2023,4.83
24/4/2023,4.83
25/4/2023,4.83
26/4/2023,4.83
27/4/2023,4.83
28/4/2023,4.83
1/5/2023,4.83
2/5/2023,4.83
3/5/2023,4.83
4/5/2023,05.08
5/5/2023,05.08
8/5/2023,05.08
9/5/2023,05.08
10/5/2023,05.08
11/5/2023,05.08
12/5/2023,05.08
15/5/2023,05.08
16/5/2023,05.08
17/5/2023,05.08
18/5/2023,05.08
19/5/2023,05.08
22/5/2023,05.08
23/5/2023,05.08
24/5/2023,05.08
25/5/2023,05.08
26/5/2023,05.08
30/5/2023,05.08
31/5/2023,05.08
1/6/2023,05.08
2/6/2023,05.08
5/6/2023,05.08
6/6/2023,05.08
7/6/2023,05.08
8/6/2023,05.08
9/6/2023,05.08
12/6/2023,05.08
13/6/2023,05.08
14/6/2023,05.08
15/6/2023,05.07
16/6/2023,05.08
20/6/2023,05.07
21/6/2023,05.07
22/6/2023,05.07
23/6/2023,05.07
26/6/2023,05.07
27/6/2023,05.07
28/6/2023,05.07
29/6/2023,05.07
30/6/2023,05.08
3/7/2023,05.08
5/7/2023,05.08
6/7/2023,05.08
7/7/2023,05.08
10/7/2023,05.07
11/7/2023,05.08
12/7/2023,05.08
13/7/2023,05.08
14/7/2023,05.08
17/7/2023,05.08
18/7/2023,05.08
19/7/2023,05.08
20/7/2023,05.08
21/7/2023,05.08
24/7/2023,05.08
25/7/2023,05.08
26/7/2023,05.08
27/7/2023,5.33
28/7/2023,5.33
31/7/2023,5.33
1/8/2023,5.33
2/8/2023,5.33
3/8/2023,5.33
4/8/2023,5.33
7/8/2023,5.33
8/8/2023,5.33
9/8/2023,5.33
10/8/2023,5.33
11/8/2023,5.33
14/8/2023,5.33
15/8/2023,5.33
16/8/2023,5.33
17/8/2023,5.33
18/8/2023,5.33
21/8/2023,5.33
22/8/2023,5.33
23/8/2023,5.33
24/8/2023,5.33
25/8/2023,5.33
28/8/2023,5.33
29/8/2023,5.33
30/8/2023,5.33
31/8/2023,5.33
1/9/2023,5.33
5/9/2023,5.33
6/9/2023,5.33
7/9/2023,5.33
8/9/2023,5.33
11/9/2023,5.33
12/9/2023,5.33
13/9/2023,5.33
14/9/2023,5.33
15/9/2023,5.33
18/9/2023,5.33
19/9/2023,5.33
20/9/2023,5.33
21/9/2023,5.33
22/9/2023,5.33
25/9/2023,5.33
26/9/2023,5.33
27/9/2023,5.33
28/9/2023,5.33
29/9/2023,5.33
2/10/2023,5.33
3/10/2023,5.33
4/10/2023,5.33
5/10/2023,5.33
6/10/2023,5.33
10/10/2023,5.33
11/10/2023,5.33
12/10/2023,5.33
13/10/2023,5.33
16/10/2023,5.33
17/10/2023,5.33
18/10/2023,5.33
19/10/2023,5.33
20/10/2023,5.33
23/10/2023,5.33
24/10/2023,5.33
25/10/2023,5.33
26/10/2023,5.33
27/10/2023,5.33
30/10/2023,5.33
31/10/2023,5.33
1/11/2023,5.33
2/11/2023,5.33
3/11/2023,5.33
6/11/2023,5.33
7/11/2023,5.33
8/11/2023,5.33
9/11/2023,5.33
10/11/2023,5.33
13/11/2023,5.33
14/11/2023,5.33
15/11/2023,5.33
16/11/2023,5.33
17/11/2023,5.33
20/11/2023,5.33
21/11/2023,5.33
22/11/2023,5.33
24/11/2023,5.33
27/11/2023,5.33
28/11/2023,5.33
29/11/2023,5.33
30/11/2023,5.33
1/12/2023,5.33
4/12/2023,5.33
5/12/2023,5.33
6/12/2023,5.33
7/12/2023,5.33
8/12/2023,5.33
11/12/2023,5.33
12/12/2023,5.33
13/12/2023,5.33
14/12/2023,5.33
15/12/2023,5.33
18/12/2023,5.33
19/12/2023,5.33
20/12/2023,5.33
21/12/2023,5.33
22/12/2023,5.33
26/12/2023,5.33
27/12/2023,5.33
28/12/2023,5.33
29/12/2023,5.33
2/1/2024,5.33
3/1/2024,5.33
4/1/2024,5.33
5/1/2024,5.33
8/1/2024,5.33
9/1/2024,5.33
10/1/2024,5.33
11/1/2024,5.33
12/1/2024,5.33
16/1/2024,5.33
17/1/2024,5.33
18/1/2024,5.33
19/1/2024,5.33
22/1/2024,5.33
23/1/2024,5.33
24/1/2024,5.33
25/1/2024,5.33
26/1/2024,5.33
29/1/2024,5.33
30/1/2024,5.33
31/1/2024,5.33
1/2/2024,5.33
2/2/2024,5.33
5/2/2024,5.33
6/2/2024,5.33
7/2/2024,5.33
8/2/2024,5.33
9/2/2024,5.33
12/2/2024,5.33
13/2/2024,5.33
14/2/2024,5.33
15/2/2024,5.33
16/2/2024,5.33
20/2/2024,5.33
21/2/2024,5.33
22/2/2024,5.33
23/2/2024,5.33
26/2/2024,5.33
27/2/2024,5.33
28/2/2024,5.33
29/2/2024,5.33
1/3/2024,5.33
4/3/2024,5.33
5/3/2024,5.33
6/3/2024,5.33
7/3/2024,5.33
8/3/2024,5.33
11/3/2024,5.33
12/3/2024,5.33
13/3/2024,5.33
14/3/2024,5.33
15/3/2024,5.33
18/3/2024,5.33
19/3/2024,5.33
20/3/2024,5.33
21/3/2024,5.33
